timestamp,topic,packet_type,payload
1789067354.000694,farm/temperature,normal,"{""device"": ""temp-sensor-01"", ""packet_type"": ""normal"", ""timestamp"": 1789067353.995705, ""temperature"": 26.0}"
1789067355.0180783,farm/irrigation,normal,"{""device"": ""irrigation-controller"", ""packet_type"": ""normal"", ""timestamp"": 1789067355.0140812, ""pump_status"": ""OFF""}"
1789067356.024031,farm/soil,normal,"{""device"": ""soil-sensor-01"", ""packet_type"": ""normal"", ""timestamp"": 1789067356.0211427, ""soil_moisture"": 42}"
1789067357.0283306,farm/soil,normal,"{""device"": ""soil-sensor-01"", ""packet_type"": ""normal"", ""timestamp"": 1789067357.0243459, ""soil_moisture"": 41}"
1789067358.035218,farm/irrigation,normal,"{""device"": ""irrigation-controller"", ""packet_type"": ""normal"", ""timestamp"": 1789067358.0322235, ""pump_status"": ""ON""}"
1789067359.0420957,farm/irrigation,normal,"{""device"": ""irrigation-controller"", ""packet_type"": ""normal"", ""timestamp"": 1789067359.0381055, ""pump_status"": ""ON""}"
1789067360.0522375,farm/soil,normal,"{""device"": ""soil-sensor-01"", ""packet_type"": ""normal"", ""timestamp"": 1789067360.0482273, ""soil_moisture"": 44}"
1789067361.0691633,farm/temperature,normal,"{""device"": ""temp-sensor-01"", ""packet_type"": ""normal"", ""timestamp"": 1789067361.0631664, ""temperature"": 29.8}"
1789067376.745445,farm/irrigation,normal,"{""device"": ""irrigation-controller"", ""packet_type"": ""normal"", ""timestamp"": 1789067376.742445, ""pump_status"": ""ON""}"
1789067377.7574947,farm/soil,normal,"{""device"": ""soil-sensor-01"", ""packet_type"": ""normal"", ""timestamp"": 1789067377.7544975, ""soil_moisture"": 34}"
1789067378.772308,farm/humidity,normal,"{""device"": ""humidity-sensor-01"", ""packet_type"": ""normal"", ""timestamp"": 1789067378.7693179, ""humidity"": 82}"
1789067379.7891607,farm/soil,normal,"{""device"": ""soil-sensor-01"", ""packet_type"": ""normal"", ""timestamp"": 1789067379.779161, ""soil_moisture"": 33}"
1789067380.7998943,farm/light,normal,"{""device"": ""light-sensor-01"", ""packet_type"": ""normal"", ""timestamp"": 1789067380.7968955, ""light_intensity"": 363}"
1789067381.8150532,farm/light,normal,"{""device"": ""light-sensor-01"", ""packet_type"": ""normal"", ""timestamp"": 1789067381.810055, ""light_intensity"": 695}"
1789067382.824703,farm/humidity,normal,"{""device"": ""humidity-sensor-01"", ""packet_type"": ""normal"", ""timestamp"": 1789067382.8217206, ""humidity"": 77}"
1789067383.8380063,farm/temperature,normal,"{""device"": ""temp-sensor-01"", ""packet_type"": ""normal"", ""timestamp"": 1789067383.835022, ""temperature"": 30.2}"
1789067384.8432577,farm/light,normal,"{""device"": ""light-sensor-01"", ""packet_type"": ""normal"", ""timestamp"": 1789067384.8402557, ""light_intensity"": 595}"
1789067385.8582995,farm/irrigation,normal,"{""device"": ""irrigation-controller"", ""packet_type"": ""normal"", ""timestamp"": 1789067385.855323, ""pump_status"": ""OFF""}"
1789067386.8630826,farm/temperature,normal,"{""device"": ""temp-sensor-01"", ""packet_type"": ""normal"", ""timestamp"": 1789067386.8590844, ""temperature"": 35.8}"
1789067387.8789783,farm/irrigation,normal,"{""device"": ""irrigation-controller"", ""packet_type"": ""normal"", ""timestamp"": 1789067387.8749745, ""pump_status"": ""ON""}"
1789067388.8825371,farm/humidity,normal,"{""device"": ""humidity-sensor-01"", ""packet_type"": ""normal"", ""timestamp"": 1789067388.879529, ""humidity"": 82}"
1789067389.8908873,farm/light,normal,"{""device"": ""light-sensor-01"", ""packet_type"": ""normal"", ""timestamp"": 1789067389.8878875, ""light_intensity"": 411}"
1789067390.8968477,farm/humidity,normal,"{""device"": ""humidity-sensor-01"", ""packet_type"": ""normal"", ""timestamp"": 1789067390.8938386, ""humidity"": 72}"
1789067391.9129438,farm/temperature,normal,"{""device"": ""temp-sensor-01"", ""packet_type"": ""normal"", ""timestamp"": 1789067391.910405, ""temperature"": 35.7}"
1789067392.9214349,farm/irrigation,normal,"{""device"": ""irrigation-controller"", ""packet_type"": ""normal"", ""timestamp"": 1789067392.9187515, ""pump_status"": ""ON""}"
1789067393.9247425,farm/irrigation,normal,"{""device"": ""irrigation-controller"", ""packet_type"": ""normal"", ""timestamp"": 1789067393.922096, ""pump_status"": ""ON""}"
1789067394.9291973,farm/light,normal,"{""device"": ""light-sensor-01"", ""packet_type"": ""normal"", ""timestamp"": 1789067394.926197, ""light_intensity"": 389}"
1789067395.9315293,farm/light,normal,"{""device"": ""light-sensor-01"", ""packet_type"": ""normal"", ""timestamp"": 1789067395.9285235, ""light_intensity"": 889}"
1789067396.938286,farm/irrigation,normal,"{""device"": ""irrigation-controller"", ""packet_type"": ""normal"", ""timestamp"": 1789067396.9347284, ""pump_status"": ""OFF""}"
1789067397.952696,farm/soil,normal,"{""device"": ""soil-sensor-01"", ""packet_type"": ""normal"", ""timestamp"": 1789067397.9501865, ""soil_moisture"": 63}"
1789067399.0624378,farm/light,normal,"{""device"": ""light-sensor-01"", ""packet_type"": ""normal"", ""timestamp"": 1789067398.9978526, ""light_intensity"": 798}"
1789067400.0523918,farm/light,normal,"{""device"": ""light-sensor-01"", ""packet_type"": ""normal"", ""timestamp"": 1789067400.049399, ""light_intensity"": 711}"
1789067401.055323,farm/temperature,normal,"{""device"": ""temp-sensor-01"", ""packet_type"": ""normal"", ""timestamp"": 1789067401.0523233, ""temperature"": 30.0}"
1789067402.058202,farm/temperature,normal,"{""device"": ""temp-sensor-01"", ""packet_type"": ""normal"", ""timestamp"": 1789067402.0562062, ""temperature"": 25.4}"
1789067403.0745285,farm/temperature,normal,"{""device"": ""temp-sensor-01"", ""packet_type"": ""normal"", ""timestamp"": 1789067403.068525, ""temperature"": 27.9}"
1789067404.0887058,farm/soil,normal,"{""device"": ""soil-sensor-01"", ""packet_type"": ""normal"", ""timestamp"": 1789067404.0860662, ""soil_moisture"": 72}"
1789067405.0932348,farm/humidity,normal,"{""device"": ""humidity-sensor-01"", ""packet_type"": ""normal"", ""timestamp"": 1789067405.0902312, ""humidity"": 58}"
1789067406.1109195,farm/light,normal,"{""device"": ""light-sensor-01"", ""packet_type"": ""normal"", ""timestamp"": 1789067406.0949242, ""light_intensity"": 492}"
1789067407.101137,farm/humidity,normal,"{""device"": ""humidity-sensor-01"", ""packet_type"": ""normal"", ""timestamp"": 1789067407.0971415, ""humidity"": 79}"
1789067408.103598,farm/soil,normal,"{""device"": ""soil-sensor-01"", ""packet_type"": ""normal"", ""timestamp"": 1789067408.1005921, ""soil_moisture"": 57}"
1789067409.1056128,farm/light,normal,"{""device"": ""light-sensor-01"", ""packet_type"": ""normal"", ""timestamp"": 1789067409.1026087, ""light_intensity"": 788}"
1789067410.1107535,farm/light,normal,"{""device"": ""light-sensor-01"", ""packet_type"": ""normal"", ""timestamp"": 1789067410.107753, ""light_intensity"": 332}"
1789067411.1225903,farm/irrigation,normal,"{""device"": ""irrigation-controller"", ""packet_type"": ""normal"", ""timestamp"": 1789067411.1185968, ""pump_status"": ""ON""}"
1789067412.1350324,farm/temperature,normal,"{""device"": ""temp-sensor-01"", ""packet_type"": ""normal"", ""timestamp"": 1789067412.1320362, ""temperature"": 25.2}"
1789067413.1508791,farm/light,normal,"{""device"": ""light-sensor-01"", ""packet_type"": ""normal"", ""timestamp"": 1789067413.143966, ""light_intensity"": 856}"
1789067414.1642764,farm/soil,normal,"{""device"": ""soil-sensor-01"", ""packet_type"": ""normal"", ""timestamp"": 1789067414.1607716, ""soil_moisture"": 50}"
1789067415.1806738,farm/humidity,normal,"{""device"": ""humidity-sensor-01"", ""packet_type"": ""normal"", ""timestamp"": 1789067415.1736674, ""humidity"": 57}"
1789067416.1913433,farm/temperature,normal,"{""device"": ""temp-sensor-01"", ""packet_type"": ""normal"", ""timestamp"": 1789067416.188335, ""temperature"": 28.1}"
1789067417.2023246,farm/irrigation,normal,"{""device"": ""irrigation-controller"", ""packet_type"": ""normal"", ""timestamp"": 1789067417.197781, ""pump_status"": ""ON""}"
1789067418.2155876,farm/light,normal,"{""device"": ""light-sensor-01"", ""packet_type"": ""normal"", ""timestamp"": 1789067418.210151, ""light_intensity"": 763}"
1789067419.2335744,farm/soil,normal,"{""device"": ""soil-sensor-01"", ""packet_type"": ""normal"", ""timestamp"": 1789067419.2285578, ""soil_moisture"": 74}"
1789067420.250436,farm/temperature,normal,"{""device"": ""temp-sensor-01"", ""packet_type"": ""normal"", ""timestamp"": 1789067420.2479134, ""temperature"": 25.0}"
1789067421.2560863,farm/light,normal,"{""device"": ""light-sensor-01"", ""packet_type"": ""normal"", ""timestamp"": 1789067421.2525573, ""light_intensity"": 435}"
1789067422.2610822,farm/humidity,normal,"{""device"": ""humidity-sensor-01"", ""packet_type"": ""normal"", ""timestamp"": 1789067422.258387, ""humidity"": 52}"
1789067423.2736173,farm/humidity,normal,"{""device"": ""humidity-sensor-01"", ""packet_type"": ""normal"", ""timestamp"": 1789067423.2700815, ""humidity"": 85}"
1789067424.285159,farm/light,normal,"{""device"": ""light-sensor-01"", ""packet_type"": ""normal"", ""timestamp"": 1789067424.2821531, ""light_intensity"": 865}"
1789067425.2904198,farm/temperature,normal,"{""device"": ""temp-sensor-01"", ""packet_type"": ""normal"", ""timestamp"": 1789067425.2874126, ""temperature"": 25.4}"
1789067426.2977135,farm/humidity,normal,"{""device"": ""humidity-sensor-01"", ""packet_type"": ""normal"", ""timestamp"": 1789067426.2947009, ""humidity"": 76}"
1789067427.302923,farm/temperature,normal,"{""device"": ""temp-sensor-01"", ""packet_type"": ""normal"", ""timestamp"": 1789067427.299908, ""temperature"": 32.7}"
1789067428.321028,farm/irrigation,normal,"{""device"": ""irrigation-controller"", ""packet_type"": ""normal"", ""timestamp"": 1789067428.3180196, ""pump_status"": ""OFF""}"
1789067429.3383794,farm/temperature,normal,"{""device"": ""temp-sensor-01"", ""packet_type"": ""normal"", ""timestamp"": 1789067429.3343809, ""temperature"": 33.1}"
1789067430.3437157,farm/humidity,normal,"{""device"": ""humidity-sensor-01"", ""packet_type"": ""normal"", ""timestamp"": 1789067430.341185, ""humidity"": 84}"
1789067431.3548615,farm/humidity,normal,"{""device"": ""humidity-sensor-01"", ""packet_type"": ""normal"", ""timestamp"": 1789067431.3438597, ""humidity"": 71}"
1789067432.3740952,farm/humidity,normal,"{""device"": ""humidity-sensor-01"", ""packet_type"": ""normal"", ""timestamp"": 1789067432.3620932, ""humidity"": 84}"
1789067433.3826485,farm/soil,normal,"{""device"": ""soil-sensor-01"", ""packet_type"": ""normal"", ""timestamp"": 1789067433.379645, ""soil_moisture"": 36}"
1789067434.4230602,farm/soil,normal,"{""device"": ""soil-sensor-01"", ""packet_type"": ""normal"", ""timestamp"": 1789067434.403001, ""soil_moisture"": 80}"
1789067435.4240627,farm/humidity,normal,"{""device"": ""humidity-sensor-01"", ""packet_type"": ""normal"", ""timestamp"": 1789067435.420606, ""humidity"": 51}"
1789067436.4399824,farm/irrigation,normal,"{""device"": ""irrigation-controller"", ""packet_type"": ""normal"", ""timestamp"": 1789067436.425135, ""pump_status"": ""ON""}"
1789067437.4574118,farm/irrigation,normal,"{""device"": ""irrigation-controller"", ""packet_type"": ""normal"", ""timestamp"": 1789067437.4408693, ""pump_status"": ""ON""}"
1789067438.4814694,farm/temperature,normal,"{""device"": ""temp-sensor-01"", ""packet_type"": ""normal"", ""timestamp"": 1789067438.4644482, ""temperature"": 27.9}"
1789067439.5379717,farm/light,normal,"{""device"": ""light-sensor-01"", ""packet_type"": ""normal"", ""timestamp"": 1789067439.478712, ""light_intensity"": 295}"
1789067440.562801,farm/soil,normal,"{""device"": ""soil-sensor-01"", ""packet_type"": ""normal"", ""timestamp"": 1789067440.5357847, ""soil_moisture"": 36}"
1789067441.5892413,farm/humidity,normal,"{""device"": ""humidity-sensor-01"", ""packet_type"": ""normal"", ""timestamp"": 1789067441.56224, ""humidity"": 57}"
1789067442.6068733,farm/light,normal,"{""device"": ""light-sensor-01"", ""packet_type"": ""normal"", ""timestamp"": 1789067442.589833, ""light_intensity"": 894}"
1789067443.6432786,farm/soil,normal,"{""device"": ""soil-sensor-01"", ""packet_type"": ""normal"", ""timestamp"": 1789067443.6175725, ""soil_moisture"": 65}"
1789067444.670642,farm/light,normal,"{""device"": ""light-sensor-01"", ""packet_type"": ""normal"", ""timestamp"": 1789067444.642649, ""light_intensity"": 847}"
1789067445.7670417,farm/temperature,normal,"{""device"": ""temp-sensor-01"", ""packet_type"": ""normal"", ""timestamp"": 1789067445.660386, ""temperature"": 31.2}"
1789067446.739674,farm/light,normal,"{""device"": ""light-sensor-01"", ""packet_type"": ""normal"", ""timestamp"": 1789067446.7226782, ""light_intensity"": 357}"
1789067447.7912583,farm/temperature,normal,"{""device"": ""temp-sensor-01"", ""packet_type"": ""normal"", ""timestamp"": 1789067447.7542295, ""temperature"": 29.6}"
1789067448.8262436,farm/temperature,normal,"{""device"": ""temp-sensor-01"", ""packet_type"": ""normal"", ""timestamp"": 1789067448.781663, ""temperature"": 33.0}"
1789067449.8123083,farm/soil,normal,"{""device"": ""soil-sensor-01"", ""packet_type"": ""normal"", ""timestamp"": 1789067449.8002985, ""soil_moisture"": 63}"
1789067450.844029,farm/irrigation,normal,"{""device"": ""irrigation-controller"", ""packet_type"": ""normal"", ""timestamp"": 1789067450.8164716, ""pump_status"": ""OFF""}"
1789067451.8678064,farm/temperature,normal,"{""device"": ""temp-sensor-01"", ""packet_type"": ""normal"", ""timestamp"": 1789067451.8462822, ""temperature"": 30.0}"
1789067452.8738089,farm/humidity,normal,"{""device"": ""humidity-sensor-01"", ""packet_type"": ""normal"", ""timestamp"": 1789067452.8662772, ""humidity"": 80}"
1789067453.8874412,farm/temperature,normal,"{""device"": ""temp-sensor-01"", ""packet_type"": ""normal"", ""timestamp"": 1789067453.879399, ""temperature"": 24.7}"
1789067454.894957,farm/light,normal,"{""device"": ""light-sensor-01"", ""packet_type"": ""normal"", ""timestamp"": 1789067454.887966, ""light_intensity"": 717}"
1789067455.926437,farm/light,normal,"{""device"": ""light-sensor-01"", ""packet_type"": ""normal"", ""timestamp"": 1789067455.8994093, ""light_intensity"": 339}"
1789067456.9300206,farm/light,normal,"{""device"": ""light-sensor-01"", ""packet_type"": ""normal"", ""timestamp"": 1789067456.9245017, ""light_intensity"": 371}"
1789067457.9389927,farm/irrigation,normal,"{""device"": ""irrigation-controller"", ""packet_type"": ""normal"", ""timestamp"": 1789067457.9329693, ""pump_status"": ""OFF""}"
1789067458.956655,farm/light,normal,"{""device"": ""light-sensor-01"", ""packet_type"": ""normal"", ""timestamp"": 1789067458.9523573, ""light_intensity"": 685}"
1789067459.9623158,farm/soil,normal,"{""device"": ""soil-sensor-01"", ""packet_type"": ""normal"", ""timestamp"": 1789067459.9583218, ""soil_moisture"": 42}"
1789067460.9940577,farm/light,normal,"{""device"": ""light-sensor-01"", ""packet_type"": ""normal"", ""timestamp"": 1789067460.9690588, ""light_intensity"": 759}"
1789067461.995502,farm/humidity,normal,"{""device"": ""humidity-sensor-01"", ""packet_type"": ""normal"", ""timestamp"": 1789067461.9904954, ""humidity"": 51}"
1789067463.0205462,farm/humidity,normal,"{""device"": ""humidity-sensor-01"", ""packet_type"": ""normal"", ""timestamp"": 1789067463.0065558, ""humidity"": 74}"
1789067464.0250566,farm/temperature,normal,"{""device"": ""temp-sensor-01"", ""packet_type"": ""normal"", ""timestamp"": 1789067464.0200295, ""temperature"": 30.4}"
1789067465.047915,farm/irrigation,normal,"{""device"": ""irrigation-controller"", ""packet_type"": ""normal"", ""timestamp"": 1789067465.0343783, ""pump_status"": ""OFF""}"
1789067466.0634947,farm/irrigation,normal,"{""device"": ""irrigation-controller"", ""packet_type"": ""normal"", ""timestamp"": 1789067466.0594764, ""pump_status"": ""ON""}"
1789067467.0886843,farm/humidity,normal,"{""device"": ""humidity-sensor-01"", ""packet_type"": ""normal"", ""timestamp"": 1789067467.0691285, ""humidity"": 79}"
1789067468.1304948,farm/humidity,normal,"{""device"": ""humidity-sensor-01"", ""packet_type"": ""normal"", ""timestamp"": 1789067468.1034794, ""humidity"": 79}"
1789067469.1580565,farm/irrigation,normal,"{""device"": ""irrigation-controller"", ""packet_type"": ""normal"", ""timestamp"": 1789067469.1355195, ""pump_status"": ""OFF""}"
1789067470.1677787,farm/light,normal,"{""device"": ""light-sensor-01"", ""packet_type"": ""normal"", ""timestamp"": 1789067470.160783, ""light_intensity"": 353}"
1789067471.1723835,farm/light,normal,"{""device"": ""light-sensor-01"", ""packet_type"": ""normal"", ""timestamp"": 1789067471.1673806, ""light_intensity"": 885}"
1789067472.2062535,farm/humidity,normal,"{""device"": ""humidity-sensor-01"", ""packet_type"": ""normal"", ""timestamp"": 1789067472.1746986, ""humidity"": 67}"
1789067473.2057412,farm/irrigation,normal,"{""device"": ""irrigation-controller"", ""packet_type"": ""normal"", ""timestamp"": 1789067473.201182, ""pump_status"": ""ON""}"
1789067474.2209396,farm/irrigation,normal,"{""device"": ""irrigation-controller"", ""packet_type"": ""normal"", ""timestamp"": 1789067474.2155633, ""pump_status"": ""OFF""}"
1789067475.2455935,farm/light,normal,"{""device"": ""light-sensor-01"", ""packet_type"": ""normal"", ""timestamp"": 1789067475.2365704, ""light_intensity"": 567}"
1789067476.348818,farm/humidity,normal,"{""device"": ""humidity-sensor-01"", ""packet_type"": ""normal"", ""timestamp"": 1789067476.2522502, ""humidity"": 57}"
1789067477.3217006,farm/humidity,normal,"{""device"": ""humidity-sensor-01"", ""packet_type"": ""normal"", ""timestamp"": 1789067477.3147085, ""humidity"": 59}"
1789067478.342226,farm/temperature,normal,"{""device"": ""temp-sensor-01"", ""packet_type"": ""normal"", ""timestamp"": 1789067478.320672, ""temperature"": 28.9}"
1789067479.375616,farm/temperature,normal,"{""device"": ""temp-sensor-01"", ""packet_type"": ""normal"", ""timestamp"": 1789067479.3550649, ""temperature"": 27.0}"
1789067480.3959086,farm/temperature,normal,"{""device"": ""temp-sensor-01"", ""packet_type"": ""normal"", ""timestamp"": 1789067480.381366, ""temperature"": 32.4}"
1789067481.4095078,farm/humidity,normal,"{""device"": ""humidity-sensor-01"", ""packet_type"": ""normal"", ""timestamp"": 1789067481.402931, ""humidity"": 56}"
1789067482.4189835,farm/light,normal,"{""device"": ""light-sensor-01"", ""packet_type"": ""normal"", ""timestamp"": 1789067482.4142153, ""light_intensity"": 465}"
1789067483.4371586,farm/temperature,normal,"{""device"": ""temp-sensor-01"", ""packet_type"": ""normal"", ""timestamp"": 1789067483.433144, ""temperature"": 29.3}"
1789067484.4435549,farm/light,normal,"{""device"": ""light-sensor-01"", ""packet_type"": ""normal"", ""timestamp"": 1789067484.4397721, ""light_intensity"": 750}"
1789067485.4526515,farm/humidity,normal,"{""device"": ""humidity-sensor-01"", ""packet_type"": ""normal"", ""timestamp"": 1789067485.4488084, ""humidity"": 89}"
1789067486.4577174,farm/humidity,normal,"{""device"": ""humidity-sensor-01"", ""packet_type"": ""normal"", ""timestamp"": 1789067486.4548676, ""humidity"": 75}"
1789067487.4639034,farm/temperature,normal,"{""device"": ""temp-sensor-01"", ""packet_type"": ""normal"", ""timestamp"": 1789067487.4601395, ""temperature"": 34.1}"
1789067488.4668872,farm/soil,normal,"{""device"": ""soil-sensor-01"", ""packet_type"": ""normal"", ""timestamp"": 1789067488.4628782, ""soil_moisture"": 49}"
1789067489.4726517,farm/irrigation,normal,"{""device"": ""irrigation-controller"", ""packet_type"": ""normal"", ""timestamp"": 1789067489.46911, ""pump_status"": ""OFF""}"
1789067490.480787,farm/humidity,normal,"{""device"": ""humidity-sensor-01"", ""packet_type"": ""normal"", ""timestamp"": 1789067490.4777784, ""humidity"": 74}"
1789067491.4886801,farm/humidity,normal,"{""device"": ""humidity-sensor-01"", ""packet_type"": ""normal"", ""timestamp"": 1789067491.4846787, ""humidity"": 88}"
1789067492.4973185,farm/humidity,normal,"{""device"": ""humidity-sensor-01"", ""packet_type"": ""normal"", ""timestamp"": 1789067492.4933243, ""humidity"": 72}"
1789067493.5012498,farm/humidity,normal,"{""device"": ""humidity-sensor-01"", ""packet_type"": ""normal"", ""timestamp"": 1789067493.4972403, ""humidity"": 51}"
1789067494.5083616,farm/temperature,normal,"{""device"": ""temp-sensor-01"", ""packet_type"": ""normal"", ""timestamp"": 1789067494.5013669, ""temperature"": 26.6}"
1789067495.5291564,farm/soil,normal,"{""device"": ""soil-sensor-01"", ""packet_type"": ""normal"", ""timestamp"": 1789067495.5211582, ""soil_moisture"": 68}"
1789067496.5460043,farm/humidity,normal,"{""device"": ""humidity-sensor-01"", ""packet_type"": ""normal"", ""timestamp"": 1789067496.534005, ""humidity"": 89}"
1789067497.5593522,farm/temperature,normal,"{""device"": ""temp-sensor-01"", ""packet_type"": ""normal"", ""timestamp"": 1789067497.5463512, ""temperature"": 32.0}"
1789067498.5923414,farm/soil,normal,"{""device"": ""soil-sensor-01"", ""packet_type"": ""normal"", ""timestamp"": 1789067498.5698001, ""soil_moisture"": 61}"
1789067499.6046917,farm/light,normal,"{""device"": ""light-sensor-01"", ""packet_type"": ""normal"", ""timestamp"": 1789067499.6007013, ""light_intensity"": 897}"
1789067500.6239219,farm/irrigation,normal,"{""device"": ""irrigation-controller"", ""packet_type"": ""normal"", ""timestamp"": 1789067500.6109216, ""pump_status"": ""ON""}"
1789067501.6261623,farm/irrigation,normal,"{""device"": ""irrigation-controller"", ""packet_type"": ""normal"", ""timestamp"": 1789067501.6211588, ""pump_status"": ""OFF""}"
1789067502.6354394,farm/soil,normal,"{""device"": ""soil-sensor-01"", ""packet_type"": ""normal"", ""timestamp"": 1789067502.6324425, ""soil_moisture"": 65}"
1789067503.6410313,farm/humidity,normal,"{""device"": ""humidity-sensor-01"", ""packet_type"": ""normal"", ""timestamp"": 1789067503.637134, ""humidity"": 87}"
1789067504.6624727,farm/irrigation,normal,"{""device"": ""irrigation-controller"", ""packet_type"": ""normal"", ""timestamp"": 1789067504.6454782, ""pump_status"": ""ON""}"
1789067505.6660378,farm/temperature,normal,"{""device"": ""temp-sensor-01"", ""packet_type"": ""normal"", ""timestamp"": 1789067505.6600213, ""temperature"": 30.2}"
1789067506.6817014,farm/light,normal,"{""device"": ""light-sensor-01"", ""packet_type"": ""normal"", ""timestamp"": 1789067506.6769354, ""light_intensity"": 583}"
1789067507.7096927,farm/temperature,normal,"{""device"": ""temp-sensor-01"", ""packet_type"": ""normal"", ""timestamp"": 1789067507.6865926, ""temperature"": 26.2}"
1789067508.7140837,farm/humidity,normal,"{""device"": ""humidity-sensor-01"", ""packet_type"": ""normal"", ""timestamp"": 1789067508.710158, ""humidity"": 73}"
1789067509.7200928,farm/light,normal,"{""device"": ""light-sensor-01"", ""packet_type"": ""normal"", ""timestamp"": 1789067509.712931, ""light_intensity"": 898}"
1789067510.741243,farm/humidity,normal,"{""device"": ""humidity-sensor-01"", ""packet_type"": ""normal"", ""timestamp"": 1789067510.7312455, ""humidity"": 78}"
1789067511.740657,farm/temperature,normal,"{""device"": ""temp-sensor-01"", ""packet_type"": ""normal"", ""timestamp"": 1789067511.7369447, ""temperature"": 31.3}"
1789067512.743563,farm/irrigation,normal,"{""device"": ""irrigation-controller"", ""packet_type"": ""normal"", ""timestamp"": 1789067512.7409582, ""pump_status"": ""OFF""}"
1789067513.7464929,farm/irrigation,normal,"{""device"": ""irrigation-controller"", ""packet_type"": ""normal"", ""timestamp"": 1789067513.7432604, ""pump_status"": ""OFF""}"
1789067514.7516534,farm/light,normal,"{""device"": ""light-sensor-01"", ""packet_type"": ""normal"", ""timestamp"": 1789067514.7476444, ""light_intensity"": 769}"
1789067515.7651496,farm/irrigation,normal,"{""device"": ""irrigation-controller"", ""packet_type"": ""normal"", ""timestamp"": 1789067515.762149, ""pump_status"": ""ON""}"
1789067516.7667081,farm/soil,normal,"{""device"": ""soil-sensor-01"", ""packet_type"": ""normal"", ""timestamp"": 1789067516.7636971, ""soil_moisture"": 69}"
1789067517.7708998,farm/humidity,normal,"{""device"": ""humidity-sensor-01"", ""packet_type"": ""normal"", ""timestamp"": 1789067517.766906, ""humidity"": 54}"
1789067518.789877,farm/temperature,normal,"{""device"": ""temp-sensor-01"", ""packet_type"": ""normal"", ""timestamp"": 1789067518.7829156, ""temperature"": 29.5}"
1789067519.806102,farm/light,normal,"{""device"": ""light-sensor-01"", ""packet_type"": ""normal"", ""timestamp"": 1789067519.804099, ""light_intensity"": 453}"
1789067520.8137944,farm/irrigation,normal,"{""device"": ""irrigation-controller"", ""packet_type"": ""normal"", ""timestamp"": 1789067520.8096032, ""pump_status"": ""OFF""}"
1789067521.8151953,farm/temperature,normal,"{""device"": ""temp-sensor-01"", ""packet_type"": ""normal"", ""timestamp"": 1789067521.8121867, ""temperature"": 27.6}"
1789067522.8377433,farm/humidity,normal,"{""device"": ""humidity-sensor-01"", ""packet_type"": ""normal"", ""timestamp"": 1789067522.827736, ""humidity"": 57}"
1789067523.8463726,farm/temperature,normal,"{""device"": ""temp-sensor-01"", ""packet_type"": ""normal"", ""timestamp"": 1789067523.843376, ""temperature"": 24.9}"
1789067524.8779356,farm/temperature,normal,"{""device"": ""temp-sensor-01"", ""packet_type"": ""normal"", ""timestamp"": 1789067524.86877, ""temperature"": 26.6}"
1789067525.882992,farm/irrigation,normal,"{""device"": ""irrigation-controller"", ""packet_type"": ""normal"", ""timestamp"": 1789067525.8791895, ""pump_status"": ""OFF""}"
1789067526.8909538,farm/humidity,normal,"{""device"": ""humidity-sensor-01"", ""packet_type"": ""normal"", ""timestamp"": 1789067526.8845239, ""humidity"": 89}"
1789067527.9061685,farm/humidity,normal,"{""device"": ""humidity-sensor-01"", ""packet_type"": ""normal"", ""timestamp"": 1789067527.9021661, ""humidity"": 50}"
1789067528.9224718,farm/light,normal,"{""device"": ""light-sensor-01"", ""packet_type"": ""normal"", ""timestamp"": 1789067528.9159381, ""light_intensity"": 744}"
1789067529.944242,farm/humidity,normal,"{""device"": ""humidity-sensor-01"", ""packet_type"": ""normal"", ""timestamp"": 1789067529.9322133, ""humidity"": 63}"
1789067530.9588335,farm/light,normal,"{""device"": ""light-sensor-01"", ""packet_type"": ""normal"", ""timestamp"": 1789067530.951264, ""light_intensity"": 455}"
1789067531.9774911,farm/humidity,normal,"{""device"": ""humidity-sensor-01"", ""packet_type"": ""normal"", ""timestamp"": 1789067531.9609277, ""humidity"": 72}"
1789067533.020597,farm/soil,normal,"{""device"": ""soil-sensor-01"", ""packet_type"": ""normal"", ""timestamp"": 1789067532.9770644, ""soil_moisture"": 73}"
1789067534.0975864,farm/light,normal,"{""device"": ""light-sensor-01"", ""packet_type"": ""normal"", ""timestamp"": 1789067534.0489154, ""light_intensity"": 738}"
1789067535.0826907,farm/temperature,normal,"{""device"": ""temp-sensor-01"", ""packet_type"": ""normal"", ""timestamp"": 1789067535.07667, ""temperature"": 30.4}"
1789067536.114837,farm/irrigation,normal,"{""device"": ""irrigation-controller"", ""packet_type"": ""normal"", ""timestamp"": 1789067536.088745, ""pump_status"": ""OFF""}"
1789067537.1116173,farm/humidity,normal,"{""device"": ""humidity-sensor-01"", ""packet_type"": ""normal"", ""timestamp"": 1789067537.1076217, ""humidity"": 89}"
1789067538.1469736,farm/irrigation,normal,"{""device"": ""irrigation-controller"", ""packet_type"": ""normal"", ""timestamp"": 1789067538.1248233, ""pump_status"": ""ON""}"
1789067539.1602938,farm/irrigation,normal,"{""device"": ""irrigation-controller"", ""packet_type"": ""normal"", ""timestamp"": 1789067539.155301, ""pump_status"": ""OFF""}"
1789067540.175648,farm/humidity,normal,"{""device"": ""humidity-sensor-01"", ""packet_type"": ""normal"", ""timestamp"": 1789067540.171646, ""humidity"": 62}"
1789067541.19338,farm/soil,normal,"{""device"": ""soil-sensor-01"", ""packet_type"": ""normal"", ""timestamp"": 1789067541.189385, ""soil_moisture"": 71}"
1789067542.196648,farm/soil,normal,"{""device"": ""soil-sensor-01"", ""packet_type"": ""normal"", ""timestamp"": 1789067542.1926477, ""soil_moisture"": 30}"
1789067543.1975586,farm/irrigation,normal,"{""device"": ""irrigation-controller"", ""packet_type"": ""normal"", ""timestamp"": 1789067543.193752, ""pump_status"": ""OFF""}"
1789067544.2134824,farm/irrigation,normal,"{""device"": ""irrigation-controller"", ""packet_type"": ""normal"", ""timestamp"": 1789067544.2096825, ""pump_status"": ""ON""}"
1789067545.2285275,farm/humidity,normal,"{""device"": ""humidity-sensor-01"", ""packet_type"": ""normal"", ""timestamp"": 1789067545.2255132, ""humidity"": 69}"
1789067546.231264,farm/soil,normal,"{""device"": ""soil-sensor-01"", ""packet_type"": ""normal"", ""timestamp"": 1789067546.227261, ""soil_moisture"": 71}"
1789067547.240371,farm/soil,normal,"{""device"": ""soil-sensor-01"", ""packet_type"": ""normal"", ""timestamp"": 1789067547.2285836, ""soil_moisture"": 35}"
1789067548.2616704,farm/temperature,normal,"{""device"": ""temp-sensor-01"", ""packet_type"": ""normal"", ""timestamp"": 1789067548.2498922, ""temperature"": 33.7}"
1789067549.2711208,farm/light,normal,"{""device"": ""light-sensor-01"", ""packet_type"": ""normal"", ""timestamp"": 1789067549.2617474, ""light_intensity"": 334}"
1789067550.2727032,farm/temperature,normal,"{""device"": ""temp-sensor-01"", ""packet_type"": ""normal"", ""timestamp"": 1789067550.2697167, ""temperature"": 34.8}"
1789067551.2794092,farm/humidity,normal,"{""device"": ""humidity-sensor-01"", ""packet_type"": ""normal"", ""timestamp"": 1789067551.27639, ""humidity"": 78}"
1789067552.281936,farm/humidity,normal,"{""device"": ""humidity-sensor-01"", ""packet_type"": ""normal"", ""timestamp"": 1789067552.2789328, ""humidity"": 90}"
1789067553.2985587,farm/temperature,normal,"{""device"": ""temp-sensor-01"", ""packet_type"": ""normal"", ""timestamp"": 1789067553.2945564, ""temperature"": 31.8}"
1789067554.3019776,farm/irrigation,normal,"{""device"": ""irrigation-controller"", ""packet_type"": ""normal"", ""timestamp"": 1789067554.2961416, ""pump_status"": ""ON""}"
1789067555.3128808,farm/humidity,normal,"{""device"": ""humidity-sensor-01"", ""packet_type"": ""normal"", ""timestamp"": 1789067555.2988672, ""humidity"": 76}"
1789067556.3313332,farm/irrigation,normal,"{""device"": ""irrigation-controller"", ""packet_type"": ""normal"", ""timestamp"": 1789067556.3153043, ""pump_status"": ""OFF""}"
1789067557.3423986,farm/humidity,normal,"{""device"": ""humidity-sensor-01"", ""packet_type"": ""normal"", ""timestamp"": 1789067557.3343792, ""humidity"": 89}"
1789067558.3583734,farm/irrigation,normal,"{""device"": ""irrigation-controller"", ""packet_type"": ""normal"", ""timestamp"": 1789067558.3528671, ""pump_status"": ""OFF""}"
1789067559.3733535,farm/light,normal,"{""device"": ""light-sensor-01"", ""packet_type"": ""normal"", ""timestamp"": 1789067559.362356, ""light_intensity"": 783}"
1789067560.3963273,farm/humidity,normal,"{""device"": ""humidity-sensor-01"", ""packet_type"": ""normal"", ""timestamp"": 1789067560.3807817, ""humidity"": 77}"
1789067561.3954809,farm/light,normal,"{""device"": ""light-sensor-01"", ""packet_type"": ""normal"", ""timestamp"": 1789067561.3912568, ""light_intensity"": 318}"
1789067562.4036708,farm/humidity,normal,"{""device"": ""humidity-sensor-01"", ""packet_type"": ""normal"", ""timestamp"": 1789067562.3956552, ""humidity"": 74}"
1789067563.420554,farm/temperature,normal,"{""device"": ""temp-sensor-01"", ""packet_type"": ""normal"", ""timestamp"": 1789067563.41355, ""temperature"": 30.5}"
1789067564.4378233,farm/humidity,normal,"{""device"": ""humidity-sensor-01"", ""packet_type"": ""normal"", ""timestamp"": 1789067564.4327984, ""humidity"": 85}"
1789067565.456741,farm/temperature,normal,"{""device"": ""temp-sensor-01"", ""packet_type"": ""normal"", ""timestamp"": 1789067565.4451764, ""temperature"": 35.9}"
1789067566.4650736,farm/humidity,normal,"{""device"": ""humidity-sensor-01"", ""packet_type"": ""normal"", ""timestamp"": 1789067566.4601324, ""humidity"": 73}"
1789067567.4861057,farm/humidity,normal,"{""device"": ""humidity-sensor-01"", ""packet_type"": ""normal"", ""timestamp"": 1789067567.4650269, ""humidity"": 64}"
1789067568.4971502,farm/light,normal,"{""device"": ""light-sensor-01"", ""packet_type"": ""normal"", ""timestamp"": 1789067568.4911542, ""light_intensity"": 469}"
1789067569.5257897,farm/irrigation,normal,"{""device"": ""irrigation-controller"", ""packet_type"": ""normal"", ""timestamp"": 1789067569.5120196, ""pump_status"": ""ON""}"
1789067570.531959,farm/humidity,normal,"{""device"": ""humidity-sensor-01"", ""packet_type"": ""normal"", ""timestamp"": 1789067570.5274365, ""humidity"": 66}"
1789067571.5348039,farm/soil,normal,"{""device"": ""soil-sensor-01"", ""packet_type"": ""normal"", ""timestamp"": 1789067571.5311894, ""soil_moisture"": 37}"
1789067572.537985,farm/temperature,normal,"{""device"": ""temp-sensor-01"", ""packet_type"": ""normal"", ""timestamp"": 1789067572.5344534, ""temperature"": 28.8}"
1789067573.5533683,farm/light,normal,"{""device"": ""light-sensor-01"", ""packet_type"": ""normal"", ""timestamp"": 1789067573.5504444, ""light_intensity"": 752}"
1789067574.5551603,farm/irrigation,normal,"{""device"": ""irrigation-controller"", ""packet_type"": ""normal"", ""timestamp"": 1789067574.5514445, ""pump_status"": ""ON""}"
1789067575.5607715,farm/humidity,normal,"{""device"": ""humidity-sensor-01"", ""packet_type"": ""normal"", ""timestamp"": 1789067575.5567734, ""humidity"": 86}"
1789067576.5645597,farm/temperature,normal,"{""device"": ""temp-sensor-01"", ""packet_type"": ""normal"", ""timestamp"": 1789067576.5609205, ""temperature"": 27.7}"
1789067577.565981,farm/soil,normal,"{""device"": ""soil-sensor-01"", ""packet_type"": ""normal"", ""timestamp"": 1789067577.562312, ""soil_moisture"": 62}"
1789067578.5659242,farm/soil,normal,"{""device"": ""soil-sensor-01"", ""packet_type"": ""normal"", ""timestamp"": 1789067578.5641716, ""soil_moisture"": 63}"
1789067579.5712366,farm/soil,normal,"{""device"": ""soil-sensor-01"", ""packet_type"": ""normal"", ""timestamp"": 1789067579.5675545, ""soil_moisture"": 32}"
1789067580.5747278,farm/irrigation,normal,"{""device"": ""irrigation-controller"", ""packet_type"": ""normal"", ""timestamp"": 1789067580.5715249, ""pump_status"": ""OFF""}"
1789067581.5807583,farm/humidity,normal,"{""device"": ""humidity-sensor-01"", ""packet_type"": ""normal"", ""timestamp"": 1789067581.577069, ""humidity"": 73}"
1789067582.5853477,farm/temperature,normal,"{""device"": ""temp-sensor-01"", ""packet_type"": ""normal"", ""timestamp"": 1789067582.5815325, ""temperature"": 27.2}"
1789067583.587405,farm/irrigation,normal,"{""device"": ""irrigation-controller"", ""packet_type"": ""normal"", ""timestamp"": 1789067583.582743, ""pump_status"": ""OFF""}"
1789067584.5880208,farm/light,normal,"{""device"": ""light-sensor-01"", ""packet_type"": ""normal"", ""timestamp"": 1789067584.585386, ""light_intensity"": 581}"
1789067585.6039748,farm/soil,normal,"{""device"": ""soil-sensor-01"", ""packet_type"": ""normal"", ""timestamp"": 1789067585.5983295, ""soil_moisture"": 80}"
1789067586.6069334,farm/humidity,normal,"{""device"": ""humidity-sensor-01"", ""packet_type"": ""normal"", ""timestamp"": 1789067586.6026657, ""humidity"": 77}"
1789067587.6508236,farm/light,normal,"{""device"": ""light-sensor-01"", ""packet_type"": ""normal"", ""timestamp"": 1789067587.6202662, ""light_intensity"": 306}"
1789067588.6670046,farm/soil,normal,"{""device"": ""soil-sensor-01"", ""packet_type"": ""normal"", ""timestamp"": 1789067588.6372795, ""soil_moisture"": 41}"
1789067589.682271,farm/irrigation,normal,"{""device"": ""irrigation-controller"", ""packet_type"": ""normal"", ""timestamp"": 1789067589.676242, ""pump_status"": ""ON""}"
1789067590.753921,farm/soil,normal,"{""device"": ""soil-sensor-01"", ""packet_type"": ""normal"", ""timestamp"": 1789067590.6841142, ""soil_moisture"": 44}"
1789067591.7267861,farm/irrigation,normal,"{""device"": ""irrigation-controller"", ""packet_type"": ""normal"", ""timestamp"": 1789067591.7217908, ""pump_status"": ""OFF""}"
1789067592.7346468,farm/soil,normal,"{""device"": ""soil-sensor-01"", ""packet_type"": ""normal"", ""timestamp"": 1789067592.7286441, ""soil_moisture"": 30}"
1789067593.7594283,farm/humidity,normal,"{""device"": ""humidity-sensor-01"", ""packet_type"": ""normal"", ""timestamp"": 1789067593.7501588, ""humidity"": 75}"
1789067594.7870986,farm/humidity,normal,"{""device"": ""humidity-sensor-01"", ""packet_type"": ""normal"", ""timestamp"": 1789067594.7720873, ""humidity"": 65}"
1789067595.7908158,farm/irrigation,normal,"{""device"": ""irrigation-controller"", ""packet_type"": ""normal"", ""timestamp"": 1789067595.786797, ""pump_status"": ""ON""}"
1789067596.816003,farm/irrigation,normal,"{""device"": ""irrigation-controller"", ""packet_type"": ""normal"", ""timestamp"": 1789067596.7994628, ""pump_status"": ""ON""}"
1789067597.8393605,farm/light,normal,"{""device"": ""light-sensor-01"", ""packet_type"": ""normal"", ""timestamp"": 1789067597.8203533, ""light_intensity"": 280}"
1789067598.8503428,farm/temperature,normal,"{""device"": ""temp-sensor-01"", ""packet_type"": ""normal"", ""timestamp"": 1789067598.8423393, ""temperature"": 33.0}"
1789067599.865227,farm/humidity,normal,"{""device"": ""humidity-sensor-01"", ""packet_type"": ""normal"", ""timestamp"": 1789067599.8552368, ""humidity"": 73}"
1789067600.8667667,farm/humidity,normal,"{""device"": ""humidity-sensor-01"", ""packet_type"": ""normal"", ""timestamp"": 1789067600.864057, ""humidity"": 71}"
1789067601.8749864,farm/soil,normal,"{""device"": ""soil-sensor-01"", ""packet_type"": ""normal"", ""timestamp"": 1789067601.8709886, ""soil_moisture"": 49}"
1789067602.8766682,farm/temperature,normal,"{""device"": ""temp-sensor-01"", ""packet_type"": ""normal"", ""timestamp"": 1789067602.8736773, ""temperature"": 32.7}"
1789067603.8941028,farm/humidity,normal,"{""device"": ""humidity-sensor-01"", ""packet_type"": ""normal"", ""timestamp"": 1789067603.8900602, ""humidity"": 56}"
1789067604.8948624,farm/soil,normal,"{""device"": ""soil-sensor-01"", ""packet_type"": ""normal"", ""timestamp"": 1789067604.89186, ""soil_moisture"": 37}"
1789067605.8967075,farm/temperature,normal,"{""device"": ""temp-sensor-01"", ""packet_type"": ""normal"", ""timestamp"": 1789067605.894709, ""temperature"": 26.7}"
1789067606.900413,farm/temperature,normal,"{""device"": ""temp-sensor-01"", ""packet_type"": ""normal"", ""timestamp"": 1789067606.897439, ""temperature"": 30.8}"
1789067607.9020038,farm/light,normal,"{""device"": ""light-sensor-01"", ""packet_type"": ""normal"", ""timestamp"": 1789067607.89901, ""light_intensity"": 791}"
1789067608.9037125,farm/humidity,normal,"{""device"": ""humidity-sensor-01"", ""packet_type"": ""normal"", ""timestamp"": 1789067608.900677, ""humidity"": 75}"
1789067609.9058309,farm/light,normal,"{""device"": ""light-sensor-01"", ""packet_type"": ""normal"", ""timestamp"": 1789067609.9030151, ""light_intensity"": 608}"
1789067610.9111428,farm/irrigation,normal,"{""device"": ""irrigation-controller"", ""packet_type"": ""normal"", ""timestamp"": 1789067610.9085321, ""pump_status"": ""OFF""}"
1789067611.9132302,farm/light,normal,"{""device"": ""light-sensor-01"", ""packet_type"": ""normal"", ""timestamp"": 1789067611.9107192, ""light_intensity"": 500}"
1789067612.9195662,farm/irrigation,normal,"{""device"": ""irrigation-controller"", ""packet_type"": ""normal"", ""timestamp"": 1789067612.9168518, ""pump_status"": ""ON""}"
1789067613.924038,farm/irrigation,normal,"{""device"": ""irrigation-controller"", ""packet_type"": ""normal"", ""timestamp"": 1789067613.920513, ""pump_status"": ""OFF""}"
1789067614.9258747,farm/irrigation,normal,"{""device"": ""irrigation-controller"", ""packet_type"": ""normal"", ""timestamp"": 1789067614.9233458, ""pump_status"": ""OFF""}"
1789067615.9368408,farm/soil,normal,"{""device"": ""soil-sensor-01"", ""packet_type"": ""normal"", ""timestamp"": 1789067615.9341571, ""soil_moisture"": 50}"
1789067616.9500275,farm/humidity,normal,"{""device"": ""humidity-sensor-01"", ""packet_type"": ""normal"", ""timestamp"": 1789067616.945473, ""humidity"": 69}"
1789067617.9589486,farm/irrigation,normal,"{""device"": ""irrigation-controller"", ""packet_type"": ""normal"", ""timestamp"": 1789067617.9552896, ""pump_status"": ""ON""}"
1789067618.9645793,farm/temperature,normal,"{""device"": ""temp-sensor-01"", ""packet_type"": ""normal"", ""timestamp"": 1789067618.961954, ""temperature"": 35.7}"
1789067619.9761143,farm/light,normal,"{""device"": ""light-sensor-01"", ""packet_type"": ""normal"", ""timestamp"": 1789067619.9731262, ""light_intensity"": 668}"
1789067620.9825146,farm/irrigation,normal,"{""device"": ""irrigation-controller"", ""packet_type"": ""normal"", ""timestamp"": 1789067620.9795113, ""pump_status"": ""ON""}"
1789067621.9914284,farm/temperature,normal,"{""device"": ""temp-sensor-01"", ""packet_type"": ""normal"", ""timestamp"": 1789067621.9874206, ""temperature"": 31.7}"
1789067622.9933836,farm/soil,normal,"{""device"": ""soil-sensor-01"", ""packet_type"": ""normal"", ""timestamp"": 1789067622.9913814, ""soil_moisture"": 65}"
1789067624.013808,farm/soil,normal,"{""device"": ""soil-sensor-01"", ""packet_type"": ""normal"", ""timestamp"": 1789067624.0048132, ""soil_moisture"": 72}"
1789067625.0313587,farm/light,normal,"{""device"": ""light-sensor-01"", ""packet_type"": ""normal"", ""timestamp"": 1789067625.0233543, ""light_intensity"": 766}"
1789067626.042158,farm/irrigation,normal,"{""device"": ""irrigation-controller"", ""packet_type"": ""normal"", ""timestamp"": 1789067626.0316107, ""pump_status"": ""ON""}"
1789067627.041648,farm/soil,normal,"{""device"": ""soil-sensor-01"", ""packet_type"": ""normal"", ""timestamp"": 1789067627.0381114, ""soil_moisture"": 61}"
1789067628.0500324,farm/irrigation,normal,"{""device"": ""irrigation-controller"", ""packet_type"": ""normal"", ""timestamp"": 1789067628.0460222, ""pump_status"": ""OFF""}"
1789067629.054473,farm/soil,normal,"{""device"": ""soil-sensor-01"", ""packet_type"": ""normal"", ""timestamp"": 1789067629.0514698, ""soil_moisture"": 57}"
1789067630.0625587,farm/humidity,normal,"{""device"": ""humidity-sensor-01"", ""packet_type"": ""normal"", ""timestamp"": 1789067630.0595515, ""humidity"": 85}"
1789067631.069687,farm/light,normal,"{""device"": ""light-sensor-01"", ""packet_type"": ""normal"", ""timestamp"": 1789067631.066679, ""light_intensity"": 519}"
1789067632.0787375,farm/humidity,normal,"{""device"": ""humidity-sensor-01"", ""packet_type"": ""normal"", ""timestamp"": 1789067632.0757596, ""humidity"": 64}"
1789067633.0849833,farm/soil,normal,"{""device"": ""soil-sensor-01"", ""packet_type"": ""normal"", ""timestamp"": 1789067633.0819807, ""soil_moisture"": 32}"
1789067634.1007094,farm/soil,normal,"{""device"": ""soil-sensor-01"", ""packet_type"": ""normal"", ""timestamp"": 1789067634.0977108, ""soil_moisture"": 56}"
1789067635.1089914,farm/humidity,normal,"{""device"": ""humidity-sensor-01"", ""packet_type"": ""normal"", ""timestamp"": 1789067635.1059883, ""humidity"": 81}"
1789067636.1154692,farm/light,normal,"{""device"": ""light-sensor-01"", ""packet_type"": ""normal"", ""timestamp"": 1789067636.112463, ""light_intensity"": 726}"
1789067637.1228094,farm/soil,normal,"{""device"": ""soil-sensor-01"", ""packet_type"": ""normal"", ""timestamp"": 1789067637.118829, ""soil_moisture"": 77}"
1789067638.1300933,farm/soil,normal,"{""device"": ""soil-sensor-01"", ""packet_type"": ""normal"", ""timestamp"": 1789067638.1265757, ""soil_moisture"": 63}"
1789067639.1320689,farm/soil,normal,"{""device"": ""soil-sensor-01"", ""packet_type"": ""normal"", ""timestamp"": 1789067639.128047, ""soil_moisture"": 56}"
1789067640.1372194,farm/soil,normal,"{""device"": ""soil-sensor-01"", ""packet_type"": ""normal"", ""timestamp"": 1789067640.1342227, ""soil_moisture"": 44}"
1789067641.1432505,farm/temperature,normal,"{""device"": ""temp-sensor-01"", ""packet_type"": ""normal"", ""timestamp"": 1789067641.1402514, ""temperature"": 32.2}"
1789067642.1534255,farm/temperature,normal,"{""device"": ""temp-sensor-01"", ""packet_type"": ""normal"", ""timestamp"": 1789067642.1504257, ""temperature"": 27.8}"
1789067643.166081,farm/irrigation,normal,"{""device"": ""irrigation-controller"", ""packet_type"": ""normal"", ""timestamp"": 1789067643.1625462, ""pump_status"": ""OFF""}"
1789067644.1846986,farm/humidity,normal,"{""device"": ""humidity-sensor-01"", ""packet_type"": ""normal"", ""timestamp"": 1789067644.1756847, ""humidity"": 84}"
1789067645.1972663,farm/soil,normal,"{""device"": ""soil-sensor-01"", ""packet_type"": ""normal"", ""timestamp"": 1789067645.187266, ""soil_moisture"": 65}"
1789067646.2146292,farm/humidity,normal,"{""device"": ""humidity-sensor-01"", ""packet_type"": ""normal"", ""timestamp"": 1789067646.2100916, ""humidity"": 60}"
1789067647.2490494,farm/irrigation,normal,"{""device"": ""irrigation-controller"", ""packet_type"": ""normal"", ""timestamp"": 1789067647.2250118, ""pump_status"": ""OFF""}"
1789067648.2618892,farm/soil,normal,"{""device"": ""soil-sensor-01"", ""packet_type"": ""normal"", ""timestamp"": 1789067648.2508707, ""soil_moisture"": 69}"
1789067649.291633,farm/light,normal,"{""device"": ""light-sensor-01"", ""packet_type"": ""normal"", ""timestamp"": 1789067649.2726269, ""light_intensity"": 753}"
1789067650.312518,farm/humidity,normal,"{""device"": ""humidity-sensor-01"", ""packet_type"": ""normal"", ""timestamp"": 1789067650.2895005, ""humidity"": 79}"
1789067651.3693597,farm/temperature,normal,"{""device"": ""temp-sensor-01"", ""packet_type"": ""normal"", ""timestamp"": 1789067651.3214495, ""temperature"": 31.9}"
1789067652.384114,farm/light,normal,"{""device"": ""light-sensor-01"", ""packet_type"": ""normal"", ""timestamp"": 1789067652.354427, ""light_intensity"": 582}"
1789067653.3892267,farm/temperature,normal,"{""device"": ""temp-sensor-01"", ""packet_type"": ""normal"", ""timestamp"": 1789067653.3776932, ""temperature"": 24.5}"
1789067654.4012341,farm/soil,normal,"{""device"": ""soil-sensor-01"", ""packet_type"": ""normal"", ""timestamp"": 1789067654.3935661, ""soil_moisture"": 54}"
1789067655.4149811,farm/humidity,normal,"{""device"": ""humidity-sensor-01"", ""packet_type"": ""normal"", ""timestamp"": 1789067655.408976, ""humidity"": 73}"
1789067656.4203706,farm/humidity,normal,"{""device"": ""humidity-sensor-01"", ""packet_type"": ""normal"", ""timestamp"": 1789067656.4143732, ""humidity"": 60}"
1789067657.4405077,farm/temperature,normal,"{""device"": ""temp-sensor-01"", ""packet_type"": ""normal"", ""timestamp"": 1789067657.4324946, ""temperature"": 24.7}"
1789067658.4538763,farm/temperature,normal,"{""device"": ""temp-sensor-01"", ""packet_type"": ""normal"", ""timestamp"": 1789067658.4498692, ""temperature"": 34.2}"
1789067659.4649749,farm/humidity,normal,"{""device"": ""humidity-sensor-01"", ""packet_type"": ""normal"", ""timestamp"": 1789067659.4564106, ""humidity"": 60}"
1789067660.4670126,farm/humidity,normal,"{""device"": ""humidity-sensor-01"", ""packet_type"": ""normal"", ""timestamp"": 1789067660.4620903, ""humidity"": 82}"
1789067661.4961176,farm/irrigation,normal,"{""device"": ""irrigation-controller"", ""packet_type"": ""normal"", ""timestamp"": 1789067661.4745405, ""pump_status"": ""ON""}"
1789067662.4909174,farm/temperature,normal,"{""device"": ""temp-sensor-01"", ""packet_type"": ""normal"", ""timestamp"": 1789067662.4873948, ""temperature"": 35.3}"
1789067663.5113354,farm/soil,normal,"{""device"": ""soil-sensor-01"", ""packet_type"": ""normal"", ""timestamp"": 1789067663.4893224, ""soil_moisture"": 43}"
1789067664.5106606,farm/irrigation,normal,"{""device"": ""irrigation-controller"", ""packet_type"": ""normal"", ""timestamp"": 1789067664.506669, ""pump_status"": ""ON""}"
1789067665.5154283,farm/humidity,normal,"{""device"": ""humidity-sensor-01"", ""packet_type"": ""normal"", ""timestamp"": 1789067665.5114293, ""humidity"": 83}"
1789067666.5294576,farm/soil,normal,"{""device"": ""soil-sensor-01"", ""packet_type"": ""normal"", ""timestamp"": 1789067666.524455, ""soil_moisture"": 32}"
1789067667.533262,farm/irrigation,normal,"{""device"": ""irrigation-controller"", ""packet_type"": ""normal"", ""timestamp"": 1789067667.529266, ""pump_status"": ""ON""}"
1789067668.5386937,farm/light,normal,"{""device"": ""light-sensor-01"", ""packet_type"": ""normal"", ""timestamp"": 1789067668.5346994, ""light_intensity"": 677}"
1789067669.551602,farm/humidity,normal,"{""device"": ""humidity-sensor-01"", ""packet_type"": ""normal"", ""timestamp"": 1789067669.548633, ""humidity"": 76}"
1789067670.567866,farm/temperature,normal,"{""device"": ""temp-sensor-01"", ""packet_type"": ""normal"", ""timestamp"": 1789067670.564857, ""temperature"": 32.2}"
1789067671.5816228,farm/humidity,normal,"{""device"": ""humidity-sensor-01"", ""packet_type"": ""normal"", ""timestamp"": 1789067671.5786204, ""humidity"": 75}"
1789067672.585287,farm/soil,normal,"{""device"": ""soil-sensor-01"", ""packet_type"": ""normal"", ""timestamp"": 1789067672.5822806, ""soil_moisture"": 80}"
1789067673.599661,farm/light,normal,"{""device"": ""light-sensor-01"", ""packet_type"": ""normal"", ""timestamp"": 1789067673.59666, ""light_intensity"": 739}"
1789067674.6383464,farm/humidity,normal,"{""device"": ""humidity-sensor-01"", ""packet_type"": ""normal"", ""timestamp"": 1789067674.6140633, ""humidity"": 54}"
1789067675.6670997,farm/humidity,normal,"{""device"": ""humidity-sensor-01"", ""packet_type"": ""normal"", ""timestamp"": 1789067675.6415424, ""humidity"": 51}"
1789067676.6810877,farm/humidity,normal,"{""device"": ""humidity-sensor-01"", ""packet_type"": ""normal"", ""timestamp"": 1789067676.6630814, ""humidity"": 73}"
1789067677.693643,farm/light,normal,"{""device"": ""light-sensor-01"", ""packet_type"": ""normal"", ""timestamp"": 1789067677.683627, ""light_intensity"": 430}"
1789067678.7187955,farm/humidity,normal,"{""device"": ""humidity-sensor-01"", ""packet_type"": ""normal"", ""timestamp"": 1789067678.6947093, ""humidity"": 50}"
1789067679.718648,farm/humidity,normal,"{""device"": ""humidity-sensor-01"", ""packet_type"": ""normal"", ""timestamp"": 1789067679.7156484, ""humidity"": 66}"
1789067680.7347927,farm/temperature,normal,"{""device"": ""temp-sensor-01"", ""packet_type"": ""normal"", ""timestamp"": 1789067680.7237947, ""temperature"": 35.0}"
1789067681.7583404,farm/temperature,normal,"{""device"": ""temp-sensor-01"", ""packet_type"": ""normal"", ""timestamp"": 1789067681.7483318, ""temperature"": 29.0}"
1789067682.7746258,farm/humidity,normal,"{""device"": ""humidity-sensor-01"", ""packet_type"": ""normal"", ""timestamp"": 1789067682.766616, ""humidity"": 50}"
1789067683.7965932,farm/irrigation,normal,"{""device"": ""irrigation-controller"", ""packet_type"": ""normal"", ""timestamp"": 1789067683.7844536, ""pump_status"": ""ON""}"
1789067684.833739,farm/humidity,normal,"{""device"": ""humidity-sensor-01"", ""packet_type"": ""normal"", ""timestamp"": 1789067684.8051379, ""humidity"": 78}"
1789067685.8489141,farm/irrigation,normal,"{""device"": ""irrigation-controller"", ""packet_type"": ""normal"", ""timestamp"": 1789067685.8398898, ""pump_status"": ""ON""}"
1789067686.8610728,farm/light,normal,"{""device"": ""light-sensor-01"", ""packet_type"": ""normal"", ""timestamp"": 1789067686.8570673, ""light_intensity"": 423}"
1789067687.8857195,farm/light,normal,"{""device"": ""light-sensor-01"", ""packet_type"": ""normal"", ""timestamp"": 1789067687.8666985, ""light_intensity"": 870}"
1789067688.9104078,farm/irrigation,normal,"{""device"": ""irrigation-controller"", ""packet_type"": ""normal"", ""timestamp"": 1789067688.8934028, ""pump_status"": ""OFF""}"
1789067689.9192567,farm/humidity,normal,"{""device"": ""humidity-sensor-01"", ""packet_type"": ""normal"", ""timestamp"": 1789067689.9132662, ""humidity"": 54}"
1789067690.9334588,farm/light,normal,"{""device"": ""light-sensor-01"", ""packet_type"": ""normal"", ""timestamp"": 1789067690.9219317, ""light_intensity"": 413}"
1789067691.9454765,farm/humidity,normal,"{""device"": ""humidity-sensor-01"", ""packet_type"": ""normal"", ""timestamp"": 1789067691.9414837, ""humidity"": 57}"
1789067692.953682,farm/light,normal,"{""device"": ""light-sensor-01"", ""packet_type"": ""normal"", ""timestamp"": 1789067692.9504914, ""light_intensity"": 612}"
1789067693.9718375,farm/irrigation,normal,"{""device"": ""irrigation-controller"", ""packet_type"": ""normal"", ""timestamp"": 1789067693.9680843, ""pump_status"": ""ON""}"
1789067694.9766197,farm/light,normal,"{""device"": ""light-sensor-01"", ""packet_type"": ""normal"", ""timestamp"": 1789067694.9736319, ""light_intensity"": 418}"
1789067695.9810967,farm/humidity,normal,"{""device"": ""humidity-sensor-01"", ""packet_type"": ""normal"", ""timestamp"": 1789067695.9774184, ""humidity"": 55}"
1789067696.9829712,farm/soil,normal,"{""device"": ""soil-sensor-01"", ""packet_type"": ""normal"", ""timestamp"": 1789067696.9802206, ""soil_moisture"": 50}"
1789067697.9893577,farm/temperature,normal,"{""device"": ""temp-sensor-01"", ""packet_type"": ""normal"", ""timestamp"": 1789067697.9877028, ""temperature"": 27.1}"
1789067698.9985676,farm/humidity,normal,"{""device"": ""humidity-sensor-01"", ""packet_type"": ""normal"", ""timestamp"": 1789067698.9957018, ""humidity"": 62}"
1789067700.0060096,farm/light,normal,"{""device"": ""light-sensor-01"", ""packet_type"": ""normal"", ""timestamp"": 1789067700.0013726, ""light_intensity"": 460}"
1789067701.0104463,farm/light,normal,"{""device"": ""light-sensor-01"", ""packet_type"": ""normal"", ""timestamp"": 1789067701.0074444, ""light_intensity"": 420}"
1789067702.0130615,farm/temperature,normal,"{""device"": ""temp-sensor-01"", ""packet_type"": ""normal"", ""timestamp"": 1789067702.0100586, ""temperature"": 31.5}"
1789067703.0237231,farm/light,normal,"{""device"": ""light-sensor-01"", ""packet_type"": ""normal"", ""timestamp"": 1789067703.020721, ""light_intensity"": 666}"
1789067704.0403025,farm/light,normal,"{""device"": ""light-sensor-01"", ""packet_type"": ""normal"", ""timestamp"": 1789067704.0363019, ""light_intensity"": 453}"
1789067705.0546353,farm/temperature,normal,"{""device"": ""temp-sensor-01"", ""packet_type"": ""normal"", ""timestamp"": 1789067705.0506227, ""temperature"": 24.8}"
1789067706.0624156,farm/soil,normal,"{""device"": ""soil-sensor-01"", ""packet_type"": ""normal"", ""timestamp"": 1789067706.0590901, ""soil_moisture"": 64}"
1789067707.066911,farm/soil,normal,"{""device"": ""soil-sensor-01"", ""packet_type"": ""normal"", ""timestamp"": 1789067707.0639086, ""soil_moisture"": 33}"
1789067708.0967233,farm/irrigation,normal,"{""device"": ""irrigation-controller"", ""packet_type"": ""normal"", ""timestamp"": 1789067708.082291, ""pump_status"": ""ON""}"
1789067709.1213684,farm/light,normal,"{""device"": ""light-sensor-01"", ""packet_type"": ""normal"", ""timestamp"": 1789067709.1083295, ""light_intensity"": 761}"
1789067710.1360655,farm/light,normal,"{""device"": ""light-sensor-01"", ""packet_type"": ""normal"", ""timestamp"": 1789067710.1310203, ""light_intensity"": 577}"
1789067711.1501536,farm/soil,normal,"{""device"": ""soil-sensor-01"", ""packet_type"": ""normal"", ""timestamp"": 1789067711.1396194, ""soil_moisture"": 59}"
1789067712.1698391,farm/irrigation,normal,"{""device"": ""irrigation-controller"", ""packet_type"": ""normal"", ""timestamp"": 1789067712.1507764, ""pump_status"": ""OFF""}"
1789067713.1716714,farm/soil,normal,"{""device"": ""soil-sensor-01"", ""packet_type"": ""normal"", ""timestamp"": 1789067713.1598985, ""soil_moisture"": 49}"
1789067714.2051456,farm/light,normal,"{""device"": ""light-sensor-01"", ""packet_type"": ""normal"", ""timestamp"": 1789067714.1791916, ""light_intensity"": 371}"
1789067715.23409,farm/irrigation,normal,"{""device"": ""irrigation-controller"", ""packet_type"": ""normal"", ""timestamp"": 1789067715.1964312, ""pump_status"": ""ON""}"
1789067716.2395902,farm/soil,normal,"{""device"": ""soil-sensor-01"", ""packet_type"": ""normal"", ""timestamp"": 1789067716.2335975, ""soil_moisture"": 31}"
1789067717.2864523,farm/temperature,normal,"{""device"": ""temp-sensor-01"", ""packet_type"": ""normal"", ""timestamp"": 1789067717.2519138, ""temperature"": 24.8}"
1789067718.3026795,farm/humidity,normal,"{""device"": ""humidity-sensor-01"", ""packet_type"": ""normal"", ""timestamp"": 1789067718.288502, ""humidity"": 87}"
1789067719.321307,farm/temperature,normal,"{""device"": ""temp-sensor-01"", ""packet_type"": ""normal"", ""timestamp"": 1789067719.307323, ""temperature"": 32.7}"
1789067720.3358119,farm/humidity,normal,"{""device"": ""humidity-sensor-01"", ""packet_type"": ""normal"", ""timestamp"": 1789067720.327811, ""humidity"": 69}"
1789067721.337982,farm/irrigation,normal,"{""device"": ""irrigation-controller"", ""packet_type"": ""normal"", ""timestamp"": 1789067721.3349829, ""pump_status"": ""ON""}"
1789067722.3536274,farm/humidity,normal,"{""device"": ""humidity-sensor-01"", ""packet_type"": ""normal"", ""timestamp"": 1789067722.3506267, ""humidity"": 65}"
1789067723.35757,farm/temperature,normal,"{""device"": ""temp-sensor-01"", ""packet_type"": ""normal"", ""timestamp"": 1789067723.3533125, ""temperature"": 32.2}"
1789067724.3705196,farm/humidity,normal,"{""device"": ""humidity-sensor-01"", ""packet_type"": ""normal"", ""timestamp"": 1789067724.3669193, ""humidity"": 67}"
1789067725.3766809,farm/irrigation,normal,"{""device"": ""irrigation-controller"", ""packet_type"": ""normal"", ""timestamp"": 1789067725.37368, ""pump_status"": ""OFF""}"
1789067726.3809972,farm/light,normal,"{""device"": ""light-sensor-01"", ""packet_type"": ""normal"", ""timestamp"": 1789067726.3780036, ""light_intensity"": 497}"
1789067727.388799,farm/soil,normal,"{""device"": ""soil-sensor-01"", ""packet_type"": ""normal"", ""timestamp"": 1789067727.3847978, ""soil_moisture"": 77}"
1789067728.391627,farm/temperature,normal,"{""device"": ""temp-sensor-01"", ""packet_type"": ""normal"", ""timestamp"": 1789067728.388629, ""temperature"": 33.7}"
1789067729.393582,farm/soil,normal,"{""device"": ""soil-sensor-01"", ""packet_type"": ""normal"", ""timestamp"": 1789067729.3895762, ""soil_moisture"": 43}"
1789067730.4080055,farm/soil,normal,"{""device"": ""soil-sensor-01"", ""packet_type"": ""normal"", ""timestamp"": 1789067730.4050083, ""soil_moisture"": 43}"
1789067731.4113495,farm/temperature,normal,"{""device"": ""temp-sensor-01"", ""packet_type"": ""normal"", ""timestamp"": 1789067731.408459, ""temperature"": 27.4}"
1789067732.4160182,farm/light,normal,"{""device"": ""light-sensor-01"", ""packet_type"": ""normal"", ""timestamp"": 1789067732.4130266, ""light_intensity"": 723}"
1789067733.4320443,farm/soil,normal,"{""device"": ""soil-sensor-01"", ""packet_type"": ""normal"", ""timestamp"": 1789067733.4270437, ""soil_moisture"": 60}"
1789067734.435186,farm/humidity,normal,"{""device"": ""humidity-sensor-01"", ""packet_type"": ""normal"", ""timestamp"": 1789067734.4311652, ""humidity"": 59}"
1789067735.4501607,farm/irrigation,normal,"{""device"": ""irrigation-controller"", ""packet_type"": ""normal"", ""timestamp"": 1789067735.43862, ""pump_status"": ""ON""}"
1789067736.4857252,farm/light,normal,"{""device"": ""light-sensor-01"", ""packet_type"": ""normal"", ""timestamp"": 1789067736.4652057, ""light_intensity"": 900}"
1789067737.4952788,farm/temperature,normal,"{""device"": ""temp-sensor-01"", ""packet_type"": ""normal"", ""timestamp"": 1789067737.4847374, ""temperature"": 24.1}"
1789067738.5231504,farm/temperature,normal,"{""device"": ""temp-sensor-01"", ""packet_type"": ""normal"", ""timestamp"": 1789067738.508129, ""temperature"": 27.3}"
1789067739.54867,farm/humidity,normal,"{""device"": ""humidity-sensor-01"", ""packet_type"": ""normal"", ""timestamp"": 1789067739.5265768, ""humidity"": 67}"
1789067740.569401,farm/temperature,normal,"{""device"": ""temp-sensor-01"", ""packet_type"": ""normal"", ""timestamp"": 1789067740.5534005, ""temperature"": 30.4}"
1789067741.579426,farm/light,normal,"{""device"": ""light-sensor-01"", ""packet_type"": ""normal"", ""timestamp"": 1789067741.5744267, ""light_intensity"": 678}"
1789067742.5973976,farm/humidity,normal,"{""device"": ""humidity-sensor-01"", ""packet_type"": ""normal"", ""timestamp"": 1789067742.59286, ""humidity"": 56}"
1789067743.6024806,farm/irrigation,normal,"{""device"": ""irrigation-controller"", ""packet_type"": ""normal"", ""timestamp"": 1789067743.5974379, ""pump_status"": ""ON""}"
1789067744.632221,farm/humidity,normal,"{""device"": ""humidity-sensor-01"", ""packet_type"": ""normal"", ""timestamp"": 1789067744.619895, ""humidity"": 69}"
1789067745.6433723,farm/soil,normal,"{""device"": ""soil-sensor-01"", ""packet_type"": ""normal"", ""timestamp"": 1789067745.6396737, ""soil_moisture"": 38}"
1789067746.6604342,farm/soil,normal,"{""device"": ""soil-sensor-01"", ""packet_type"": ""normal"", ""timestamp"": 1789067746.6474156, ""soil_moisture"": 46}"
1789067747.6733828,farm/humidity,normal,"{""device"": ""humidity-sensor-01"", ""packet_type"": ""normal"", ""timestamp"": 1789067747.6663892, ""humidity"": 79}"
1789067748.7045267,farm/humidity,normal,"{""device"": ""humidity-sensor-01"", ""packet_type"": ""normal"", ""timestamp"": 1789067748.6854448, ""humidity"": 76}"
1789067749.712634,farm/soil,normal,"{""device"": ""soil-sensor-01"", ""packet_type"": ""normal"", ""timestamp"": 1789067749.7050369, ""soil_moisture"": 62}"
1789067750.7319045,farm/light,normal,"{""device"": ""light-sensor-01"", ""packet_type"": ""normal"", ""timestamp"": 1789067750.7249014, ""light_intensity"": 829}"
1789067751.7383265,farm/irrigation,normal,"{""device"": ""irrigation-controller"", ""packet_type"": ""normal"", ""timestamp"": 1789067751.7353373, ""pump_status"": ""ON""}"
1789067752.7466207,farm/light,normal,"{""device"": ""light-sensor-01"", ""packet_type"": ""normal"", ""timestamp"": 1789067752.7426238, ""light_intensity"": 829}"
1789067753.7487314,farm/temperature,normal,"{""device"": ""temp-sensor-01"", ""packet_type"": ""normal"", ""timestamp"": 1789067753.7457278, ""temperature"": 33.8}"
1789067754.7613404,farm/irrigation,normal,"{""device"": ""irrigation-controller"", ""packet_type"": ""normal"", ""timestamp"": 1789067754.7550857, ""pump_status"": ""OFF""}"
1789067755.767428,farm/humidity,normal,"{""device"": ""humidity-sensor-01"", ""packet_type"": ""normal"", ""timestamp"": 1789067755.7644155, ""humidity"": 77}"
1789067756.7695885,farm/temperature,normal,"{""device"": ""temp-sensor-01"", ""packet_type"": ""normal"", ""timestamp"": 1789067756.7668324, ""temperature"": 30.4}"
1789067757.771279,farm/soil,normal,"{""device"": ""soil-sensor-01"", ""packet_type"": ""normal"", ""timestamp"": 1789067757.7682788, ""soil_moisture"": 78}"
1789067758.7783172,farm/humidity,normal,"{""device"": ""humidity-sensor-01"", ""packet_type"": ""normal"", ""timestamp"": 1789067758.7753184, ""humidity"": 66}"
1789067759.7838433,farm/humidity,normal,"{""device"": ""humidity-sensor-01"", ""packet_type"": ""normal"", ""timestamp"": 1789067759.780834, ""humidity"": 78}"
1789067760.7855797,farm/irrigation,normal,"{""device"": ""irrigation-controller"", ""packet_type"": ""normal"", ""timestamp"": 1789067760.7825701, ""pump_status"": ""ON""}"
1789067761.7883446,farm/soil,normal,"{""device"": ""soil-sensor-01"", ""packet_type"": ""normal"", ""timestamp"": 1789067761.7853403, ""soil_moisture"": 54}"
1789067762.7954745,farm/temperature,normal,"{""device"": ""temp-sensor-01"", ""packet_type"": ""normal"", ""timestamp"": 1789067762.7929025, ""temperature"": 31.6}"
1789067763.8256717,farm/soil,normal,"{""device"": ""soil-sensor-01"", ""packet_type"": ""normal"", ""timestamp"": 1789067763.7981095, ""soil_moisture"": 39}"
1789067764.818003,farm/soil,normal,"{""device"": ""soil-sensor-01"", ""packet_type"": ""normal"", ""timestamp"": 1789067764.8139997, ""soil_moisture"": 51}"
1789067765.8384356,farm/irrigation,normal,"{""device"": ""irrigation-controller"", ""packet_type"": ""normal"", ""timestamp"": 1789067765.820904, ""pump_status"": ""OFF""}"
1789067766.8483074,farm/light,normal,"{""device"": ""light-sensor-01"", ""packet_type"": ""normal"", ""timestamp"": 1789067766.8373098, ""light_intensity"": 258}"
1789067767.866758,farm/light,normal,"{""device"": ""light-sensor-01"", ""packet_type"": ""normal"", ""timestamp"": 1789067767.8597684, ""light_intensity"": 776}"
1789067768.8899236,farm/temperature,normal,"{""device"": ""temp-sensor-01"", ""packet_type"": ""normal"", ""timestamp"": 1789067768.8819225, ""temperature"": 24.7}"
1789067769.8993502,farm/temperature,normal,"{""device"": ""temp-sensor-01"", ""packet_type"": ""normal"", ""timestamp"": 1789067769.894352, ""temperature"": 30.7}"
1789067770.9170377,farm/temperature,normal,"{""device"": ""temp-sensor-01"", ""packet_type"": ""normal"", ""timestamp"": 1789067770.9020388, ""temperature"": 25.7}"
1789067771.9131975,farm/temperature,normal,"{""device"": ""temp-sensor-01"", ""packet_type"": ""normal"", ""timestamp"": 1789067771.9081886, ""temperature"": 33.7}"
1789067772.9363346,farm/temperature,normal,"{""device"": ""temp-sensor-01"", ""packet_type"": ""normal"", ""timestamp"": 1789067772.9257653, ""temperature"": 34.0}"
1789067773.9412854,farm/light,normal,"{""device"": ""light-sensor-01"", ""packet_type"": ""normal"", ""timestamp"": 1789067773.9372833, ""light_intensity"": 864}"
1789067774.9514036,farm/light,normal,"{""device"": ""light-sensor-01"", ""packet_type"": ""normal"", ""timestamp"": 1789067774.944545, ""light_intensity"": 402}"
1789067775.9772806,farm/temperature,normal,"{""device"": ""temp-sensor-01"", ""packet_type"": ""normal"", ""timestamp"": 1789067775.965269, ""temperature"": 33.9}"
1789067776.992133,farm/irrigation,normal,"{""device"": ""irrigation-controller"", ""packet_type"": ""normal"", ""timestamp"": 1789067776.9851465, ""pump_status"": ""ON""}"
1789067777.13651,farm/pump,command_injection,"{""device"": ""command-attacker"", ""packet_type"": ""command_injection"", ""timestamp"": 1789067777.1315129, ""pump_status"": ""ON"", ""source"": ""unauthorized""}"
1789067778.013152,farm/soil,normal,"{""device"": ""soil-sensor-01"", ""packet_type"": ""normal"", ""timestamp"": 1789067778.0067642, ""soil_moisture"": 75}"
1789067779.041769,farm/temperature,normal,"{""device"": ""temp-sensor-01"", ""packet_type"": ""normal"", ""timestamp"": 1789067779.0282106, ""temperature"": 26.0}"
1789067779.1480548,farm/pump,command_injection,"{""device"": ""command-attacker"", ""packet_type"": ""command_injection"", ""timestamp"": 1789067779.1355746, ""pump_status"": ""ON"", ""source"": ""unauthorized""}"
1789067780.061832,farm/irrigation,normal,"{""device"": ""irrigation-controller"", ""packet_type"": ""normal"", ""timestamp"": 1789067780.0520356, ""pump_status"": ""ON""}"
1789067781.08553,farm/humidity,normal,"{""device"": ""humidity-sensor-01"", ""packet_type"": ""normal"", ""timestamp"": 1789067781.0712569, ""humidity"": 62}"
1789067781.1544168,farm/pump,command_injection,"{""device"": ""command-attacker"", ""packet_type"": ""command_injection"", ""timestamp"": 1789067781.1493754, ""pump_status"": ""ON"", ""source"": ""unauthorized""}"
1789067782.0959735,farm/humidity,normal,"{""device"": ""humidity-sensor-01"", ""packet_type"": ""normal"", ""timestamp"": 1789067782.093149, ""humidity"": 55}"
1789067783.097601,farm/light,normal,"{""device"": ""light-sensor-01"", ""packet_type"": ""normal"", ""timestamp"": 1789067783.0946043, ""light_intensity"": 576}"
1789067783.1600618,farm/pump,command_injection,"{""device"": ""command-attacker"", ""packet_type"": ""command_injection"", ""timestamp"": 1789067783.157064, ""pump_status"": ""ON"", ""source"": ""unauthorized""}"
1789067784.103488,farm/irrigation,normal,"{""device"": ""irrigation-controller"", ""packet_type"": ""normal"", ""timestamp"": 1789067784.100489, ""pump_status"": ""OFF""}"
1789067785.1066377,farm/irrigation,normal,"{""device"": ""irrigation-controller"", ""packet_type"": ""normal"", ""timestamp"": 1789067785.103034, ""pump_status"": ""OFF""}"
1789067785.1683326,farm/pump,command_injection,"{""device"": ""command-attacker"", ""packet_type"": ""command_injection"", ""timestamp"": 1789067785.1658058, ""pump_status"": ""ON"", ""source"": ""unauthorized""}"
1789067786.1095493,farm/light,normal,"{""device"": ""light-sensor-01"", ""packet_type"": ""normal"", ""timestamp"": 1789067786.1058588, ""light_intensity"": 583}"
1789067787.112357,farm/soil,normal,"{""device"": ""soil-sensor-01"", ""packet_type"": ""normal"", ""timestamp"": 1789067787.1087148, ""soil_moisture"": 60}"
1789067787.1744854,farm/pump,command_injection,"{""device"": ""command-attacker"", ""packet_type"": ""command_injection"", ""timestamp"": 1789067787.1715102, ""pump_status"": ""ON"", ""source"": ""unauthorized""}"
1789067788.118315,farm/temperature,normal,"{""device"": ""temp-sensor-01"", ""packet_type"": ""normal"", ""timestamp"": 1789067788.11572, ""temperature"": 24.0}"
1789067789.123047,farm/temperature,normal,"{""device"": ""temp-sensor-01"", ""packet_type"": ""normal"", ""timestamp"": 1789067789.1200566, ""temperature"": 29.0}"
1789067789.1865127,farm/pump,command_injection,"{""device"": ""command-attacker"", ""packet_type"": ""command_injection"", ""timestamp"": 1789067789.1823487, ""pump_status"": ""ON"", ""source"": ""unauthorized""}"
1789067790.1408324,farm/light,normal,"{""device"": ""light-sensor-01"", ""packet_type"": ""normal"", ""timestamp"": 1789067790.1368175, ""light_intensity"": 878}"
1789067791.1507947,farm/soil,normal,"{""device"": ""soil-sensor-01"", ""packet_type"": ""normal"", ""timestamp"": 1789067791.1477911, ""soil_moisture"": 62}"
1789067791.1978867,farm/pump,command_injection,"{""device"": ""command-attacker"", ""packet_type"": ""command_injection"", ""timestamp"": 1789067791.1948924, ""pump_status"": ""ON"", ""source"": ""unauthorized""}"
1789067792.1579847,farm/humidity,normal,"{""device"": ""humidity-sensor-01"", ""packet_type"": ""normal"", ""timestamp"": 1789067792.1544673, ""humidity"": 74}"
1789067793.1615427,farm/soil,normal,"{""device"": ""soil-sensor-01"", ""packet_type"": ""normal"", ""timestamp"": 1789067793.1580095, ""soil_moisture"": 80}"
1789067793.2082596,farm/pump,command_injection,"{""device"": ""command-attacker"", ""packet_type"": ""command_injection"", ""timestamp"": 1789067793.2055328, ""pump_status"": ""ON"", ""source"": ""unauthorized""}"
1789067794.1745062,farm/temperature,normal,"{""device"": ""temp-sensor-01"", ""packet_type"": ""normal"", ""timestamp"": 1789067794.1715248, ""temperature"": 29.2}"
1789067795.1969829,farm/soil,normal,"{""device"": ""soil-sensor-01"", ""packet_type"": ""normal"", ""timestamp"": 1789067795.176953, ""soil_moisture"": 43}"
1789067796.2132525,farm/light,normal,"{""device"": ""light-sensor-01"", ""packet_type"": ""normal"", ""timestamp"": 1789067796.197724, ""light_intensity"": 423}"
1789067797.2341185,farm/soil,normal,"{""device"": ""soil-sensor-01"", ""packet_type"": ""normal"", ""timestamp"": 1789067797.2261198, ""soil_moisture"": 30}"
1789067798.2503085,farm/humidity,normal,"{""device"": ""humidity-sensor-01"", ""packet_type"": ""normal"", ""timestamp"": 1789067798.2443104, ""humidity"": 63}"
1789067799.2548606,farm/soil,normal,"{""device"": ""soil-sensor-01"", ""packet_type"": ""normal"", ""timestamp"": 1789067799.25184, ""soil_moisture"": 30}"
1789067800.2715251,farm/irrigation,normal,"{""device"": ""irrigation-controller"", ""packet_type"": ""normal"", ""timestamp"": 1789067800.2599726, ""pump_status"": ""OFF""}"
1789067801.292654,farm/temperature,normal,"{""device"": ""temp-sensor-01"", ""packet_type"": ""normal"", ""timestamp"": 1789067801.286654, ""temperature"": 31.4}"
1789067802.3084514,farm/humidity,normal,"{""device"": ""humidity-sensor-01"", ""packet_type"": ""normal"", ""timestamp"": 1789067802.3034468, ""humidity"": 56}"
1789067803.3247607,farm/temperature,normal,"{""device"": ""temp-sensor-01"", ""packet_type"": ""normal"", ""timestamp"": 1789067803.3097603, ""temperature"": 33.5}"
1789067804.3442156,farm/irrigation,normal,"{""device"": ""irrigation-controller"", ""packet_type"": ""normal"", ""timestamp"": 1789067804.3392098, ""pump_status"": ""OFF""}"
1789067805.3522675,farm/temperature,normal,"{""device"": ""temp-sensor-01"", ""packet_type"": ""normal"", ""timestamp"": 1789067805.3472722, ""temperature"": 33.8}"
1789067806.367193,farm/light,normal,"{""device"": ""light-sensor-01"", ""packet_type"": ""normal"", ""timestamp"": 1789067806.3571787, ""light_intensity"": 385}"
1789067807.3899448,farm/soil,normal,"{""device"": ""soil-sensor-01"", ""packet_type"": ""normal"", ""timestamp"": 1789067807.3783848, ""soil_moisture"": 72}"
1789067808.406126,farm/temperature,normal,"{""device"": ""temp-sensor-01"", ""packet_type"": ""normal"", ""timestamp"": 1789067808.4012969, ""temperature"": 27.8}"
1789067809.434128,farm/humidity,normal,"{""device"": ""humidity-sensor-01"", ""packet_type"": ""normal"", ""timestamp"": 1789067809.4164891, ""humidity"": 90}"
1789067810.435901,farm/irrigation,normal,"{""device"": ""irrigation-controller"", ""packet_type"": ""normal"", ""timestamp"": 1789067810.4259543, ""pump_status"": ""ON""}"
1789067811.4361932,farm/humidity,normal,"{""device"": ""humidity-sensor-01"", ""packet_type"": ""normal"", ""timestamp"": 1789067811.4300585, ""humidity"": 77}"
1789067812.4398885,farm/humidity,normal,"{""device"": ""humidity-sensor-01"", ""packet_type"": ""normal"", ""timestamp"": 1789067812.4363399, ""humidity"": 63}"
1789067813.4455276,farm/light,normal,"{""device"": ""light-sensor-01"", ""packet_type"": ""normal"", ""timestamp"": 1789067813.4418328, ""light_intensity"": 858}"
1789067814.447079,farm/irrigation,normal,"{""device"": ""irrigation-controller"", ""packet_type"": ""normal"", ""timestamp"": 1789067814.4444108, ""pump_status"": ""OFF""}"
1789067815.4533377,farm/soil,normal,"{""device"": ""soil-sensor-01"", ""packet_type"": ""normal"", ""timestamp"": 1789067815.4500678, ""soil_moisture"": 30}"
1789067816.4604337,farm/light,normal,"{""device"": ""light-sensor-01"", ""packet_type"": ""normal"", ""timestamp"": 1789067816.4576943, ""light_intensity"": 535}"
1789067817.4660132,farm/humidity,normal,"{""device"": ""humidity-sensor-01"", ""packet_type"": ""normal"", ""timestamp"": 1789067817.4622254, ""humidity"": 90}"
1789067818.4717968,farm/temperature,normal,"{""device"": ""temp-sensor-01"", ""packet_type"": ""normal"", ""timestamp"": 1789067818.4687881, ""temperature"": 26.3}"
1789067819.4770987,farm/irrigation,normal,"{""device"": ""irrigation-controller"", ""packet_type"": ""normal"", ""timestamp"": 1789067819.4744422, ""pump_status"": ""ON""}"
1789067820.4849966,farm/temperature,normal,"{""device"": ""temp-sensor-01"", ""packet_type"": ""normal"", ""timestamp"": 1789067820.482007, ""temperature"": 30.9}"
1789067821.5375059,farm/temperature,normal,"{""device"": ""temp-sensor-01"", ""packet_type"": ""normal"", ""timestamp"": 1789067821.489387, ""temperature"": 35.7}"
1789067822.495296,farm/irrigation,normal,"{""device"": ""irrigation-controller"", ""packet_type"": ""normal"", ""timestamp"": 1789067822.492289, ""pump_status"": ""ON""}"
1789067823.499148,farm/temperature,normal,"{""device"": ""temp-sensor-01"", ""packet_type"": ""normal"", ""timestamp"": 1789067823.494753, ""temperature"": 32.3}"
1789067824.515952,farm/soil,normal,"{""device"": ""soil-sensor-01"", ""packet_type"": ""normal"", ""timestamp"": 1789067824.5110614, ""soil_moisture"": 68}"
1789067825.5267956,farm/irrigation,normal,"{""device"": ""irrigation-controller"", ""packet_type"": ""normal"", ""timestamp"": 1789067825.518705, ""pump_status"": ""OFF""}"
1789067826.5440853,farm/soil,normal,"{""device"": ""soil-sensor-01"", ""packet_type"": ""normal"", ""timestamp"": 1789067826.537084, ""soil_moisture"": 57}"
1789067827.5831223,farm/light,normal,"{""device"": ""light-sensor-01"", ""packet_type"": ""normal"", ""timestamp"": 1789067827.5570178, ""light_intensity"": 824}"
1789067828.6208212,farm/light,normal,"{""device"": ""light-sensor-01"", ""packet_type"": ""normal"", ""timestamp"": 1789067828.5922766, ""light_intensity"": 899}"
1789067829.64711,farm/humidity,normal,"{""device"": ""humidity-sensor-01"", ""packet_type"": ""normal"", ""timestamp"": 1789067829.6229708, ""humidity"": 73}"
1789067830.64652,farm/temperature,normal,"{""device"": ""temp-sensor-01"", ""packet_type"": ""normal"", ""timestamp"": 1789067830.6425185, ""temperature"": 36.0}"
1789067831.7022111,farm/temperature,normal,"{""device"": ""temp-sensor-01"", ""packet_type"": ""normal"", ""timestamp"": 1789067831.6913524, ""temperature"": 26.9}"
1789067832.7148066,farm/irrigation,normal,"{""device"": ""irrigation-controller"", ""packet_type"": ""normal"", ""timestamp"": 1789067832.7092707, ""pump_status"": ""OFF""}"
1789067833.7348676,farm/temperature,normal,"{""device"": ""temp-sensor-01"", ""packet_type"": ""normal"", ""timestamp"": 1789067833.7254355, ""temperature"": 32.8}"
1789067834.758505,farm/humidity,normal,"{""device"": ""humidity-sensor-01"", ""packet_type"": ""normal"", ""timestamp"": 1789067834.7479646, ""humidity"": 68}"
1789067835.7779489,farm/light,normal,"{""device"": ""light-sensor-01"", ""packet_type"": ""normal"", ""timestamp"": 1789067835.767204, ""light_intensity"": 683}"
1789067836.8085742,farm/temperature,normal,"{""device"": ""temp-sensor-01"", ""packet_type"": ""normal"", ""timestamp"": 1789067836.7855542, ""temperature"": 26.9}"
1789067837.820809,farm/temperature,normal,"{""device"": ""temp-sensor-01"", ""packet_type"": ""normal"", ""timestamp"": 1789067837.8088627, ""temperature"": 28.7}"
1789067838.8544893,farm/humidity,normal,"{""device"": ""humidity-sensor-01"", ""packet_type"": ""normal"", ""timestamp"": 1789067838.8250394, ""humidity"": 51}"
1789067839.8514802,farm/soil,normal,"{""device"": ""soil-sensor-01"", ""packet_type"": ""normal"", ""timestamp"": 1789067839.8414834, ""soil_moisture"": 32}"
1789067840.8916543,farm/soil,normal,"{""device"": ""soil-sensor-01"", ""packet_type"": ""normal"", ""timestamp"": 1789067840.866637, ""soil_moisture"": 52}"
1789067841.9045098,farm/light,normal,"{""device"": ""light-sensor-01"", ""packet_type"": ""normal"", ""timestamp"": 1789067841.900508, ""light_intensity"": 539}"
1789067842.9109485,farm/temperature,normal,"{""device"": ""temp-sensor-01"", ""packet_type"": ""normal"", ""timestamp"": 1789067842.9079485, ""temperature"": 33.2}"
1789067843.9237967,farm/soil,normal,"{""device"": ""soil-sensor-01"", ""packet_type"": ""normal"", ""timestamp"": 1789067843.9122505, ""soil_moisture"": 71}"
1789067844.9391086,farm/temperature,normal,"{""device"": ""temp-sensor-01"", ""packet_type"": ""normal"", ""timestamp"": 1789067844.9345694, ""temperature"": 30.9}"
1789067845.9446507,farm/humidity,normal,"{""device"": ""humidity-sensor-01"", ""packet_type"": ""normal"", ""timestamp"": 1789067845.940962, ""humidity"": 51}"
1789067846.9545174,farm/irrigation,normal,"{""device"": ""irrigation-controller"", ""packet_type"": ""normal"", ""timestamp"": 1789067846.9508898, ""pump_status"": ""OFF""}"
1789067847.9593415,farm/soil,normal,"{""device"": ""soil-sensor-01"", ""packet_type"": ""normal"", ""timestamp"": 1789067847.9568067, ""soil_moisture"": 77}"
1789067848.9678116,farm/temperature,normal,"{""device"": ""temp-sensor-01"", ""packet_type"": ""normal"", ""timestamp"": 1789067848.9648092, ""temperature"": 24.2}"
1789067849.9713047,farm/temperature,normal,"{""device"": ""temp-sensor-01"", ""packet_type"": ""normal"", ""timestamp"": 1789067849.9683013, ""temperature"": 34.7}"
1789067850.982701,farm/light,normal,"{""device"": ""light-sensor-01"", ""packet_type"": ""normal"", ""timestamp"": 1789067850.9786954, ""light_intensity"": 844}"
1789067851.9908223,farm/light,normal,"{""device"": ""light-sensor-01"", ""packet_type"": ""normal"", ""timestamp"": 1789067851.987823, ""light_intensity"": 840}"
1789067852.9951108,farm/temperature,normal,"{""device"": ""temp-sensor-01"", ""packet_type"": ""normal"", ""timestamp"": 1789067852.992117, ""temperature"": 25.9}"
1789067854.0013096,farm/irrigation,normal,"{""device"": ""irrigation-controller"", ""packet_type"": ""normal"", ""timestamp"": 1789067853.9973106, ""pump_status"": ""ON""}"
1789067855.0071793,farm/irrigation,normal,"{""device"": ""irrigation-controller"", ""packet_type"": ""normal"", ""timestamp"": 1789067855.0031848, ""pump_status"": ""OFF""}"
1789067856.053165,farm/temperature,normal,"{""device"": ""temp-sensor-01"", ""packet_type"": ""normal"", ""timestamp"": 1789067856.008597, ""temperature"": 26.2}"
1789067857.0582967,farm/soil,normal,"{""device"": ""soil-sensor-01"", ""packet_type"": ""normal"", ""timestamp"": 1789067857.0502934, ""soil_moisture"": 56}"
1789067858.070664,farm/light,normal,"{""device"": ""light-sensor-01"", ""packet_type"": ""normal"", ""timestamp"": 1789067858.0576494, ""light_intensity"": 629}"
1789067859.0858846,farm/humidity,normal,"{""device"": ""humidity-sensor-01"", ""packet_type"": ""normal"", ""timestamp"": 1789067859.0768878, ""humidity"": 76}"
1789067860.0979886,farm/temperature,normal,"{""device"": ""temp-sensor-01"", ""packet_type"": ""normal"", ""timestamp"": 1789067860.091983, ""temperature"": 26.0}"
1789067861.1050735,farm/irrigation,normal,"{""device"": ""irrigation-controller"", ""packet_type"": ""normal"", ""timestamp"": 1789067861.0990736, ""pump_status"": ""OFF""}"
1789067862.1765196,farm/humidity,normal,"{""device"": ""humidity-sensor-01"", ""packet_type"": ""normal"", ""timestamp"": 1789067862.123954, ""humidity"": 88}"
1789067863.1818972,farm/temperature,normal,"{""device"": ""temp-sensor-01"", ""packet_type"": ""normal"", ""timestamp"": 1789067863.1738884, ""temperature"": 29.9}"
1789067864.215704,farm/soil,normal,"{""device"": ""soil-sensor-01"", ""packet_type"": ""normal"", ""timestamp"": 1789067864.196587, ""soil_moisture"": 32}"
1789067865.2311323,farm/humidity,normal,"{""device"": ""humidity-sensor-01"", ""packet_type"": ""normal"", ""timestamp"": 1789067865.2191088, ""humidity"": 50}"
1789067866.276667,farm/irrigation,normal,"{""device"": ""irrigation-controller"", ""packet_type"": ""normal"", ""timestamp"": 1789067866.2486234, ""pump_status"": ""ON""}"
1789067867.283503,farm/irrigation,normal,"{""device"": ""irrigation-controller"", ""packet_type"": ""normal"", ""timestamp"": 1789067867.279942, ""pump_status"": ""ON""}"
1789067868.2913172,farm/soil,normal,"{""device"": ""soil-sensor-01"", ""packet_type"": ""normal"", ""timestamp"": 1789067868.287314, ""soil_moisture"": 57}"
1789067869.3080807,farm/humidity,normal,"{""device"": ""humidity-sensor-01"", ""packet_type"": ""normal"", ""timestamp"": 1789067869.2980657, ""humidity"": 59}"
1789067870.3310802,farm/light,normal,"{""device"": ""light-sensor-01"", ""packet_type"": ""normal"", ""timestamp"": 1789067870.3220503, ""light_intensity"": 747}"
1789067871.3389916,farm/humidity,normal,"{""device"": ""humidity-sensor-01"", ""packet_type"": ""normal"", ""timestamp"": 1789067871.331001, ""humidity"": 73}"
1789067872.3482037,farm/light,normal,"{""device"": ""light-sensor-01"", ""packet_type"": ""normal"", ""timestamp"": 1789067872.3441868, ""light_intensity"": 796}"
1789067873.356166,farm/soil,normal,"{""device"": ""soil-sensor-01"", ""packet_type"": ""normal"", ""timestamp"": 1789067873.353163, ""soil_moisture"": 32}"
1789067874.3612683,farm/humidity,normal,"{""device"": ""humidity-sensor-01"", ""packet_type"": ""normal"", ""timestamp"": 1789067874.3582573, ""humidity"": 50}"
1789067875.3684099,farm/humidity,normal,"{""device"": ""humidity-sensor-01"", ""packet_type"": ""normal"", ""timestamp"": 1789067875.365404, ""humidity"": 50}"
1789067876.373908,farm/temperature,normal,"{""device"": ""temp-sensor-01"", ""packet_type"": ""normal"", ""timestamp"": 1789067876.37091, ""temperature"": 30.4}"
1789067877.3790178,farm/light,normal,"{""device"": ""light-sensor-01"", ""packet_type"": ""normal"", ""timestamp"": 1789067877.3760169, ""light_intensity"": 688}"
1789067878.386547,farm/temperature,normal,"{""device"": ""temp-sensor-01"", ""packet_type"": ""normal"", ""timestamp"": 1789067878.383456, ""temperature"": 27.5}"
1789067879.4014692,farm/humidity,normal,"{""device"": ""humidity-sensor-01"", ""packet_type"": ""normal"", ""timestamp"": 1789067879.3966887, ""humidity"": 85}"
1789067880.4103632,farm/temperature,normal,"{""device"": ""temp-sensor-01"", ""packet_type"": ""normal"", ""timestamp"": 1789067880.407367, ""temperature"": 29.1}"
1789067881.4175463,farm/light,normal,"{""device"": ""light-sensor-01"", ""packet_type"": ""normal"", ""timestamp"": 1789067881.413546, ""light_intensity"": 796}"
1789067882.4263954,farm/light,normal,"{""device"": ""light-sensor-01"", ""packet_type"": ""normal"", ""timestamp"": 1789067882.4233932, ""light_intensity"": 556}"
1789067883.4355423,farm/temperature,normal,"{""device"": ""temp-sensor-01"", ""packet_type"": ""normal"", ""timestamp"": 1789067883.4305317, ""temperature"": 25.7}"
1789067884.438038,farm/irrigation,normal,"{""device"": ""irrigation-controller"", ""packet_type"": ""normal"", ""timestamp"": 1789067884.4350405, ""pump_status"": ""OFF""}"
1789067885.4487126,farm/humidity,normal,"{""device"": ""humidity-sensor-01"", ""packet_type"": ""normal"", ""timestamp"": 1789067885.437665, ""humidity"": 84}"
1789067886.4514058,farm/humidity,normal,"{""device"": ""humidity-sensor-01"", ""packet_type"": ""normal"", ""timestamp"": 1789067886.4458845, ""humidity"": 78}"
1789067887.469808,farm/humidity,normal,"{""device"": ""humidity-sensor-01"", ""packet_type"": ""normal"", ""timestamp"": 1789067887.4529877, ""humidity"": 74}"
1789067888.4789445,farm/irrigation,normal,"{""device"": ""irrigation-controller"", ""packet_type"": ""normal"", ""timestamp"": 1789067888.4752584, ""pump_status"": ""OFF""}"
1789067889.4879498,farm/soil,normal,"{""device"": ""soil-sensor-01"", ""packet_type"": ""normal"", ""timestamp"": 1789067889.4852505, ""soil_moisture"": 80}"
1789067890.4951441,farm/humidity,normal,"{""device"": ""humidity-sensor-01"", ""packet_type"": ""normal"", ""timestamp"": 1789067890.4914217, ""humidity"": 74}"
1789067891.500565,farm/irrigation,normal,"{""device"": ""irrigation-controller"", ""packet_type"": ""normal"", ""timestamp"": 1789067891.4975667, ""pump_status"": ""ON""}"
1789067892.510064,farm/light,normal,"{""device"": ""light-sensor-01"", ""packet_type"": ""normal"", ""timestamp"": 1789067892.504548, ""light_intensity"": 857}"
1789067893.5180452,farm/irrigation,normal,"{""device"": ""irrigation-controller"", ""packet_type"": ""normal"", ""timestamp"": 1789067893.5090399, ""pump_status"": ""OFF""}"
1789067894.5356297,farm/irrigation,normal,"{""device"": ""irrigation-controller"", ""packet_type"": ""normal"", ""timestamp"": 1789067894.525066, ""pump_status"": ""ON""}"
1789067895.5465405,farm/temperature,normal,"{""device"": ""temp-sensor-01"", ""packet_type"": ""normal"", ""timestamp"": 1789067895.542538, ""temperature"": 28.7}"
1789067896.5716555,farm/humidity,normal,"{""device"": ""humidity-sensor-01"", ""packet_type"": ""normal"", ""timestamp"": 1789067896.5596547, ""humidity"": 50}"
1789067897.580607,farm/light,normal,"{""device"": ""light-sensor-01"", ""packet_type"": ""normal"", ""timestamp"": 1789067897.5765948, ""light_intensity"": 533}"
1789067898.5898888,farm/soil,normal,"{""device"": ""soil-sensor-01"", ""packet_type"": ""normal"", ""timestamp"": 1789067898.5869002, ""soil_moisture"": 31}"
1789067899.6023614,farm/irrigation,normal,"{""device"": ""irrigation-controller"", ""packet_type"": ""normal"", ""timestamp"": 1789067899.5970378, ""pump_status"": ""OFF""}"
1789067900.607564,farm/light,normal,"{""device"": ""light-sensor-01"", ""packet_type"": ""normal"", ""timestamp"": 1789067900.6025453, ""light_intensity"": 343}"
1789067901.6118495,farm/irrigation,normal,"{""device"": ""irrigation-controller"", ""packet_type"": ""normal"", ""timestamp"": 1789067901.608835, ""pump_status"": ""OFF""}"
1789067902.619346,farm/light,normal,"{""device"": ""light-sensor-01"", ""packet_type"": ""normal"", ""timestamp"": 1789067902.6163447, ""light_intensity"": 374}"
1789067903.6214457,farm/light,normal,"{""device"": ""light-sensor-01"", ""packet_type"": ""normal"", ""timestamp"": 1789067903.6184468, ""light_intensity"": 528}"
1789067904.6365483,farm/irrigation,normal,"{""device"": ""irrigation-controller"", ""packet_type"": ""normal"", ""timestamp"": 1789067904.6335387, ""pump_status"": ""ON""}"
1789067905.6520882,farm/irrigation,normal,"{""device"": ""irrigation-controller"", ""packet_type"": ""normal"", ""timestamp"": 1789067905.6490946, ""pump_status"": ""OFF""}"
1789067906.657866,farm/temperature,normal,"{""device"": ""temp-sensor-01"", ""packet_type"": ""normal"", ""timestamp"": 1789067906.6548488, ""temperature"": 24.1}"
1789067907.662097,farm/soil,normal,"{""device"": ""soil-sensor-01"", ""packet_type"": ""normal"", ""timestamp"": 1789067907.659093, ""soil_moisture"": 35}"
1789067908.6775477,farm/humidity,normal,"{""device"": ""humidity-sensor-01"", ""packet_type"": ""normal"", ""timestamp"": 1789067908.6745458, ""humidity"": 88}"
1789067909.6886034,farm/soil,normal,"{""device"": ""soil-sensor-01"", ""packet_type"": ""normal"", ""timestamp"": 1789067909.685628, ""soil_moisture"": 64}"
1789067910.6998725,farm/irrigation,normal,"{""device"": ""irrigation-controller"", ""packet_type"": ""normal"", ""timestamp"": 1789067910.696743, ""pump_status"": ""OFF""}"
1789067911.705733,farm/temperature,normal,"{""device"": ""temp-sensor-01"", ""packet_type"": ""normal"", ""timestamp"": 1789067911.7028937, ""temperature"": 34.9}"
1789067912.7139041,farm/temperature,normal,"{""device"": ""temp-sensor-01"", ""packet_type"": ""normal"", ""timestamp"": 1789067912.708214, ""temperature"": 26.4}"
1789067913.7187595,farm/light,normal,"{""device"": ""light-sensor-01"", ""packet_type"": ""normal"", ""timestamp"": 1789067913.7157567, ""light_intensity"": 649}"
1789067914.7253795,farm/light,normal,"{""device"": ""light-sensor-01"", ""packet_type"": ""normal"", ""timestamp"": 1789067914.7213902, ""light_intensity"": 263}"
1789067915.7347064,farm/temperature,normal,"{""device"": ""temp-sensor-01"", ""packet_type"": ""normal"", ""timestamp"": 1789067915.7297144, ""temperature"": 30.0}"
1789067916.7431011,farm/irrigation,normal,"{""device"": ""irrigation-controller"", ""packet_type"": ""normal"", ""timestamp"": 1789067916.7361038, ""pump_status"": ""OFF""}"
1789067917.75316,farm/soil,normal,"{""device"": ""soil-sensor-01"", ""packet_type"": ""normal"", ""timestamp"": 1789067917.7471647, ""soil_moisture"": 72}"
1789067918.758308,farm/humidity,normal,"{""device"": ""humidity-sensor-01"", ""packet_type"": ""normal"", ""timestamp"": 1789067918.7523096, ""humidity"": 56}"
1789067919.7698925,farm/irrigation,normal,"{""device"": ""irrigation-controller"", ""packet_type"": ""normal"", ""timestamp"": 1789067919.7609003, ""pump_status"": ""OFF""}"
1789067920.778809,farm/humidity,normal,"{""device"": ""humidity-sensor-01"", ""packet_type"": ""normal"", ""timestamp"": 1789067920.7701645, ""humidity"": 63}"
1789067921.807909,farm/light,normal,"{""device"": ""light-sensor-01"", ""packet_type"": ""normal"", ""timestamp"": 1789067921.790907, ""light_intensity"": 265}"
1789067922.8260946,farm/light,normal,"{""device"": ""light-sensor-01"", ""packet_type"": ""normal"", ""timestamp"": 1789067922.8121414, ""light_intensity"": 504}"
1789067923.8468497,farm/light,normal,"{""device"": ""light-sensor-01"", ""packet_type"": ""normal"", ""timestamp"": 1789067923.8303075, ""light_intensity"": 602}"
1789067924.8560863,farm/soil,normal,"{""device"": ""soil-sensor-01"", ""packet_type"": ""normal"", ""timestamp"": 1789067924.8506057, ""soil_moisture"": 80}"
1789067925.8714526,farm/soil,normal,"{""device"": ""soil-sensor-01"", ""packet_type"": ""normal"", ""timestamp"": 1789067925.8684587, ""soil_moisture"": 39}"
1789067926.8794153,farm/temperature,normal,"{""device"": ""temp-sensor-01"", ""packet_type"": ""normal"", ""timestamp"": 1789067926.876416, ""temperature"": 35.8}"
1789067927.8873098,farm/temperature,normal,"{""device"": ""temp-sensor-01"", ""packet_type"": ""normal"", ""timestamp"": 1789067927.8833125, ""temperature"": 35.2}"
1789067928.8977542,farm/humidity,normal,"{""device"": ""humidity-sensor-01"", ""packet_type"": ""normal"", ""timestamp"": 1789067928.8937705, ""humidity"": 50}"
1789067929.9135349,farm/light,normal,"{""device"": ""light-sensor-01"", ""packet_type"": ""normal"", ""timestamp"": 1789067929.9095416, ""light_intensity"": 501}"
1789067930.9196815,farm/humidity,normal,"{""device"": ""humidity-sensor-01"", ""packet_type"": ""normal"", ""timestamp"": 1789067930.9156709, ""humidity"": 74}"
1789067931.9245245,farm/temperature,normal,"{""device"": ""temp-sensor-01"", ""packet_type"": ""normal"", ""timestamp"": 1789067931.921523, ""temperature"": 24.8}"
1789067932.9419315,farm/soil,normal,"{""device"": ""soil-sensor-01"", ""packet_type"": ""normal"", ""timestamp"": 1789067932.937926, ""soil_moisture"": 61}"
1789067933.942378,farm/soil,normal,"{""device"": ""soil-sensor-01"", ""packet_type"": ""normal"", ""timestamp"": 1789067933.939304, ""soil_moisture"": 61}"
1789067934.943985,farm/temperature,normal,"{""device"": ""temp-sensor-01"", ""packet_type"": ""normal"", ""timestamp"": 1789067934.9409857, ""temperature"": 32.9}"
1789067935.9593835,farm/irrigation,normal,"{""device"": ""irrigation-controller"", ""packet_type"": ""normal"", ""timestamp"": 1789067935.9567485, ""pump_status"": ""OFF""}"
1789067936.966676,farm/light,normal,"{""device"": ""light-sensor-01"", ""packet_type"": ""normal"", ""timestamp"": 1789067936.9630637, ""light_intensity"": 628}"
1789067937.9767418,farm/irrigation,normal,"{""device"": ""irrigation-controller"", ""packet_type"": ""normal"", ""timestamp"": 1789067937.973759, ""pump_status"": ""ON""}"
1789067938.9855638,farm/soil,normal,"{""device"": ""soil-sensor-01"", ""packet_type"": ""normal"", ""timestamp"": 1789067938.9825666, ""soil_moisture"": 63}"
1789067939.9950767,farm/temperature,normal,"{""device"": ""temp-sensor-01"", ""packet_type"": ""normal"", ""timestamp"": 1789067939.9920719, ""temperature"": 34.9}"
1789067941.0046344,farm/irrigation,normal,"{""device"": ""irrigation-controller"", ""packet_type"": ""normal"", ""timestamp"": 1789067941.000635, ""pump_status"": ""ON""}"
1789067942.012072,farm/temperature,normal,"{""device"": ""temp-sensor-01"", ""packet_type"": ""normal"", ""timestamp"": 1789067942.0090659, ""temperature"": 31.7}"
1789067943.017398,farm/humidity,normal,"{""device"": ""humidity-sensor-01"", ""packet_type"": ""normal"", ""timestamp"": 1789067943.015425, ""humidity"": 84}"
1789067944.0344455,farm/temperature,normal,"{""device"": ""temp-sensor-01"", ""packet_type"": ""normal"", ""timestamp"": 1789067944.0306826, ""temperature"": 27.7}"
1789067945.047414,farm/humidity,normal,"{""device"": ""humidity-sensor-01"", ""packet_type"": ""normal"", ""timestamp"": 1789067945.0444114, ""humidity"": 67}"
1789067946.0640104,farm/temperature,normal,"{""device"": ""temp-sensor-01"", ""packet_type"": ""normal"", ""timestamp"": 1789067946.050489, ""temperature"": 33.1}"
1789067947.0683954,farm/light,normal,"{""device"": ""light-sensor-01"", ""packet_type"": ""normal"", ""timestamp"": 1789067947.0608609, ""light_intensity"": 812}"
1789067948.072071,farm/irrigation,normal,"{""device"": ""irrigation-controller"", ""packet_type"": ""normal"", ""timestamp"": 1789067948.0680733, ""pump_status"": ""ON""}"
1789067949.0795538,farm/soil,normal,"{""device"": ""soil-sensor-01"", ""packet_type"": ""normal"", ""timestamp"": 1789067949.0755591, ""soil_moisture"": 32}"
1789067950.0925946,farm/irrigation,normal,"{""device"": ""irrigation-controller"", ""packet_type"": ""normal"", ""timestamp"": 1789067950.0846066, ""pump_status"": ""OFF""}"
1789067951.1035826,farm/irrigation,normal,"{""device"": ""irrigation-controller"", ""packet_type"": ""normal"", ""timestamp"": 1789067951.0975873, ""pump_status"": ""OFF""}"
1789067952.115217,farm/irrigation,normal,"{""device"": ""irrigation-controller"", ""packet_type"": ""normal"", ""timestamp"": 1789067952.1062107, ""pump_status"": ""ON""}"
1789067953.118543,farm/soil,normal,"{""device"": ""soil-sensor-01"", ""packet_type"": ""normal"", ""timestamp"": 1789067953.1145492, ""soil_moisture"": 30}"
1789067954.142756,farm/temperature,normal,"{""device"": ""temp-sensor-01"", ""packet_type"": ""normal"", ""timestamp"": 1789067954.1260338, ""temperature"": 35.4}"
1789067955.1600044,farm/temperature,normal,"{""device"": ""temp-sensor-01"", ""packet_type"": ""normal"", ""timestamp"": 1789067955.1524425, ""temperature"": 33.3}"
1789067956.175284,farm/humidity,normal,"{""device"": ""humidity-sensor-01"", ""packet_type"": ""normal"", ""timestamp"": 1789067956.1725302, ""humidity"": 87}"
1789067957.1803362,farm/light,normal,"{""device"": ""light-sensor-01"", ""packet_type"": ""normal"", ""timestamp"": 1789067957.1776283, ""light_intensity"": 305}"
1789067958.1877556,farm/soil,normal,"{""device"": ""soil-sensor-01"", ""packet_type"": ""normal"", ""timestamp"": 1789067958.1851318, ""soil_moisture"": 72}"
1789067959.1945953,farm/soil,normal,"{""device"": ""soil-sensor-01"", ""packet_type"": ""normal"", ""timestamp"": 1789067959.1918156, ""soil_moisture"": 44}"
1789067960.2049272,farm/temperature,normal,"{""device"": ""temp-sensor-01"", ""packet_type"": ""normal"", ""timestamp"": 1789067960.2024, ""temperature"": 26.1}"
1789067961.2159042,farm/irrigation,normal,"{""device"": ""irrigation-controller"", ""packet_type"": ""normal"", ""timestamp"": 1789067961.2118962, ""pump_status"": ""OFF""}"
1789067962.2200582,farm/humidity,normal,"{""device"": ""humidity-sensor-01"", ""packet_type"": ""normal"", ""timestamp"": 1789067962.2170596, ""humidity"": 77}"
1789067963.221749,farm/soil,normal,"{""device"": ""soil-sensor-01"", ""packet_type"": ""normal"", ""timestamp"": 1789067963.219748, ""soil_moisture"": 67}"
1789067964.2387557,farm/soil,normal,"{""device"": ""soil-sensor-01"", ""packet_type"": ""normal"", ""timestamp"": 1789067964.2357552, ""soil_moisture"": 68}"
1789067965.2417645,farm/soil,normal,"{""device"": ""soil-sensor-01"", ""packet_type"": ""normal"", ""timestamp"": 1789067965.23875, ""soil_moisture"": 63}"
1789067966.250807,farm/irrigation,normal,"{""device"": ""irrigation-controller"", ""packet_type"": ""normal"", ""timestamp"": 1789067966.2478251, ""pump_status"": ""OFF""}"
1789067967.2611685,farm/light,normal,"{""device"": ""light-sensor-01"", ""packet_type"": ""normal"", ""timestamp"": 1789067967.258166, ""light_intensity"": 863}"
1789067968.271184,farm/humidity,normal,"{""device"": ""humidity-sensor-01"", ""packet_type"": ""normal"", ""timestamp"": 1789067968.268179, ""humidity"": 67}"
1789067969.2824678,farm/temperature,normal,"{""device"": ""temp-sensor-01"", ""packet_type"": ""normal"", ""timestamp"": 1789067969.2764373, ""temperature"": 35.2}"
1789067970.289553,farm/soil,normal,"{""device"": ""soil-sensor-01"", ""packet_type"": ""normal"", ""timestamp"": 1789067970.286034, ""soil_moisture"": 58}"
1789067971.2948506,farm/humidity,normal,"{""device"": ""humidity-sensor-01"", ""packet_type"": ""normal"", ""timestamp"": 1789067971.2918606, ""humidity"": 54}"
1789067972.3002446,farm/irrigation,normal,"{""device"": ""irrigation-controller"", ""packet_type"": ""normal"", ""timestamp"": 1789067972.2972467, ""pump_status"": ""OFF""}"
1789067973.3160114,farm/temperature,normal,"{""device"": ""temp-sensor-01"", ""packet_type"": ""normal"", ""timestamp"": 1789067973.3130121, ""temperature"": 27.5}"
1789067974.3300102,farm/humidity,normal,"{""device"": ""humidity-sensor-01"", ""packet_type"": ""normal"", ""timestamp"": 1789067974.3270102, ""humidity"": 77}"
1789067975.3429554,farm/temperature,normal,"{""device"": ""temp-sensor-01"", ""packet_type"": ""normal"", ""timestamp"": 1789067975.3309574, ""temperature"": 27.2}"
1789067976.3564634,farm/light,normal,"{""device"": ""light-sensor-01"", ""packet_type"": ""normal"", ""timestamp"": 1789067976.3534656, ""light_intensity"": 609}"
1789067977.3697476,farm/temperature,normal,"{""device"": ""temp-sensor-01"", ""packet_type"": ""normal"", ""timestamp"": 1789067977.3667452, ""temperature"": 24.9}"
1789067978.382831,farm/light,normal,"{""device"": ""light-sensor-01"", ""packet_type"": ""normal"", ""timestamp"": 1789067978.3788142, ""light_intensity"": 338}"
1789067979.396803,farm/temperature,normal,"{""device"": ""temp-sensor-01"", ""packet_type"": ""normal"", ""timestamp"": 1789067979.3932915, ""temperature"": 24.4}"
1789067980.4084735,farm/humidity,normal,"{""device"": ""humidity-sensor-01"", ""packet_type"": ""normal"", ""timestamp"": 1789067980.3959336, ""humidity"": 64}"
1789067981.42757,farm/temperature,normal,"{""device"": ""temp-sensor-01"", ""packet_type"": ""normal"", ""timestamp"": 1789067981.4185643, ""temperature"": 30.2}"
1789067982.4613218,farm/humidity,normal,"{""device"": ""humidity-sensor-01"", ""packet_type"": ""normal"", ""timestamp"": 1789067982.4367836, ""humidity"": 51}"
1789067983.4626024,farm/humidity,normal,"{""device"": ""humidity-sensor-01"", ""packet_type"": ""normal"", ""timestamp"": 1789067983.4470868, ""humidity"": 61}"
1789067984.4730628,farm/temperature,normal,"{""device"": ""temp-sensor-01"", ""packet_type"": ""normal"", ""timestamp"": 1789067984.4650722, ""temperature"": 30.5}"
1789067985.4808996,farm/irrigation,normal,"{""device"": ""irrigation-controller"", ""packet_type"": ""normal"", ""timestamp"": 1789067985.4739058, ""pump_status"": ""ON""}"
1789067986.498326,farm/temperature,normal,"{""device"": ""temp-sensor-01"", ""packet_type"": ""normal"", ""timestamp"": 1789067986.4923291, ""temperature"": 25.9}"
1789067987.5094237,farm/light,normal,"{""device"": ""light-sensor-01"", ""packet_type"": ""normal"", ""timestamp"": 1789067987.4978821, ""light_intensity"": 657}"
1789067988.5193014,farm/light,normal,"{""device"": ""light-sensor-01"", ""packet_type"": ""normal"", ""timestamp"": 1789067988.5162878, ""light_intensity"": 360}"
1789067989.5314422,farm/light,normal,"{""device"": ""light-sensor-01"", ""packet_type"": ""normal"", ""timestamp"": 1789067989.5284276, ""light_intensity"": 838}"
1789067990.5365868,farm/temperature,normal,"{""device"": ""temp-sensor-01"", ""packet_type"": ""normal"", ""timestamp"": 1789067990.5325527, ""temperature"": 26.7}"
1789067991.5528605,farm/temperature,normal,"{""device"": ""temp-sensor-01"", ""packet_type"": ""normal"", ""timestamp"": 1789067991.548296, ""temperature"": 34.8}"
1789067992.5538473,farm/humidity,normal,"{""device"": ""humidity-sensor-01"", ""packet_type"": ""normal"", ""timestamp"": 1789067992.5508392, ""humidity"": 64}"
1789067993.5613165,farm/irrigation,normal,"{""device"": ""irrigation-controller"", ""packet_type"": ""normal"", ""timestamp"": 1789067993.5573227, ""pump_status"": ""OFF""}"
1789067994.5747097,farm/light,normal,"{""device"": ""light-sensor-01"", ""packet_type"": ""normal"", ""timestamp"": 1789067994.5720296, ""light_intensity"": 515}"
1789067995.5913882,farm/irrigation,normal,"{""device"": ""irrigation-controller"", ""packet_type"": ""normal"", ""timestamp"": 1789067995.5881517, ""pump_status"": ""OFF""}"
1789067996.5949132,farm/soil,normal,"{""device"": ""soil-sensor-01"", ""packet_type"": ""normal"", ""timestamp"": 1789067996.5919392, ""soil_moisture"": 32}"
1789067997.5976498,farm/soil,normal,"{""device"": ""soil-sensor-01"", ""packet_type"": ""normal"", ""timestamp"": 1789067997.595078, ""soil_moisture"": 55}"
1789067998.6047158,farm/light,normal,"{""device"": ""light-sensor-01"", ""packet_type"": ""normal"", ""timestamp"": 1789067998.6007116, ""light_intensity"": 722}"
1789067999.6159396,farm/irrigation,normal,"{""device"": ""irrigation-controller"", ""packet_type"": ""normal"", ""timestamp"": 1789067999.6129332, ""pump_status"": ""ON""}"
1789068000.6308734,farm/temperature,normal,"{""device"": ""temp-sensor-01"", ""packet_type"": ""normal"", ""timestamp"": 1789068000.6278787, ""temperature"": 29.7}"
1789068001.634382,farm/irrigation,normal,"{""device"": ""irrigation-controller"", ""packet_type"": ""normal"", ""timestamp"": 1789068001.6313815, ""pump_status"": ""ON""}"
1789068002.643653,farm/light,normal,"{""device"": ""light-sensor-01"", ""packet_type"": ""normal"", ""timestamp"": 1789068002.6406682, ""light_intensity"": 739}"
1789068003.6504824,farm/irrigation,normal,"{""device"": ""irrigation-controller"", ""packet_type"": ""normal"", ""timestamp"": 1789068003.6458454, ""pump_status"": ""ON""}"
1789068004.6574433,farm/irrigation,normal,"{""device"": ""irrigation-controller"", ""packet_type"": ""normal"", ""timestamp"": 1789068004.6544402, ""pump_status"": ""ON""}"
1789068005.6839201,farm/humidity,normal,"{""device"": ""humidity-sensor-01"", ""packet_type"": ""normal"", ""timestamp"": 1789068005.6699195, ""humidity"": 53}"
1789068006.710596,farm/soil,normal,"{""device"": ""soil-sensor-01"", ""packet_type"": ""normal"", ""timestamp"": 1789068006.697049, ""soil_moisture"": 46}"
1789068007.725064,farm/soil,normal,"{""device"": ""soil-sensor-01"", ""packet_type"": ""normal"", ""timestamp"": 1789068007.7130527, ""soil_moisture"": 69}"
1789068008.7469358,farm/light,normal,"{""device"": ""light-sensor-01"", ""packet_type"": ""normal"", ""timestamp"": 1789068008.7389345, ""light_intensity"": 711}"
1789068009.7548056,farm/light,normal,"{""device"": ""light-sensor-01"", ""packet_type"": ""normal"", ""timestamp"": 1789068009.7458136, ""light_intensity"": 630}"
1789068010.758753,farm/soil,normal,"{""device"": ""soil-sensor-01"", ""packet_type"": ""normal"", ""timestamp"": 1789068010.7537465, ""soil_moisture"": 53}"
1789068011.7827582,farm/light,normal,"{""device"": ""light-sensor-01"", ""packet_type"": ""normal"", ""timestamp"": 1789068011.7797604, ""light_intensity"": 898}"
1789068012.7928827,farm/light,normal,"{""device"": ""light-sensor-01"", ""packet_type"": ""normal"", ""timestamp"": 1789068012.7898874, ""light_intensity"": 860}"
1789068013.8026912,farm/light,normal,"{""device"": ""light-sensor-01"", ""packet_type"": ""normal"", ""timestamp"": 1789068013.799479, ""light_intensity"": 546}"
1789068014.811743,farm/soil,normal,"{""device"": ""soil-sensor-01"", ""packet_type"": ""normal"", ""timestamp"": 1789068014.8067389, ""soil_moisture"": 74}"
1789068015.8220196,farm/temperature,normal,"{""device"": ""temp-sensor-01"", ""packet_type"": ""normal"", ""timestamp"": 1789068015.8160276, ""temperature"": 29.8}"
1789068016.8344638,farm/light,normal,"{""device"": ""light-sensor-01"", ""packet_type"": ""normal"", ""timestamp"": 1789068016.8284795, ""light_intensity"": 385}"
1789068017.8506665,farm/irrigation,normal,"{""device"": ""irrigation-controller"", ""packet_type"": ""normal"", ""timestamp"": 1789068017.8461359, ""pump_status"": ""OFF""}"
1789068018.8653483,farm/temperature,normal,"{""device"": ""temp-sensor-01"", ""packet_type"": ""normal"", ""timestamp"": 1789068018.8553343, ""temperature"": 28.4}"
1789068019.8814762,farm/light,normal,"{""device"": ""light-sensor-01"", ""packet_type"": ""normal"", ""timestamp"": 1789068019.877371, ""light_intensity"": 339}"
1789068020.8841908,farm/humidity,normal,"{""device"": ""humidity-sensor-01"", ""packet_type"": ""normal"", ""timestamp"": 1789068020.8801956, ""humidity"": 87}"
1789068021.8904848,farm/humidity,normal,"{""device"": ""humidity-sensor-01"", ""packet_type"": ""normal"", ""timestamp"": 1789068021.8874834, ""humidity"": 78}"
1789068022.8924658,farm/temperature,normal,"{""device"": ""temp-sensor-01"", ""packet_type"": ""normal"", ""timestamp"": 1789068022.889492, ""temperature"": 33.1}"
1789068023.9080076,farm/temperature,normal,"{""device"": ""temp-sensor-01"", ""packet_type"": ""normal"", ""timestamp"": 1789068023.9040012, ""temperature"": 31.7}"
1789068024.9126446,farm/humidity,normal,"{""device"": ""humidity-sensor-01"", ""packet_type"": ""normal"", ""timestamp"": 1789068024.9076405, ""humidity"": 77}"
1789068025.919954,farm/humidity,normal,"{""device"": ""humidity-sensor-01"", ""packet_type"": ""normal"", ""timestamp"": 1789068025.9169495, ""humidity"": 85}"
1789068026.9231384,farm/humidity,normal,"{""device"": ""humidity-sensor-01"", ""packet_type"": ""normal"", ""timestamp"": 1789068026.9201458, ""humidity"": 87}"
1789068027.9340417,farm/light,normal,"{""device"": ""light-sensor-01"", ""packet_type"": ""normal"", ""timestamp"": 1789068027.9310646, ""light_intensity"": 257}"
1789068028.9422164,farm/irrigation,normal,"{""device"": ""irrigation-controller"", ""packet_type"": ""normal"", ""timestamp"": 1789068028.9392378, ""pump_status"": ""OFF""}"
1789068029.9498494,farm/soil,normal,"{""device"": ""soil-sensor-01"", ""packet_type"": ""normal"", ""timestamp"": 1789068029.9473178, ""soil_moisture"": 36}"
1789068030.9572184,farm/soil,normal,"{""device"": ""soil-sensor-01"", ""packet_type"": ""normal"", ""timestamp"": 1789068030.9545257, ""soil_moisture"": 61}"
1789068031.964886,farm/soil,normal,"{""device"": ""soil-sensor-01"", ""packet_type"": ""normal"", ""timestamp"": 1789068031.9616868, ""soil_moisture"": 53}"
1789068032.9701457,farm/irrigation,normal,"{""device"": ""irrigation-controller"", ""packet_type"": ""normal"", ""timestamp"": 1789068032.967171, ""pump_status"": ""OFF""}"
1789068033.9753656,farm/irrigation,normal,"{""device"": ""irrigation-controller"", ""packet_type"": ""normal"", ""timestamp"": 1789068033.972387, ""pump_status"": ""ON""}"
1789068034.9903946,farm/temperature,normal,"{""device"": ""temp-sensor-01"", ""packet_type"": ""normal"", ""timestamp"": 1789068034.9876208, ""temperature"": 33.1}"
1789068036.005791,farm/soil,normal,"{""device"": ""soil-sensor-01"", ""packet_type"": ""normal"", ""timestamp"": 1789068035.9978032, ""soil_moisture"": 54}"
1789068037.0234127,farm/light,normal,"{""device"": ""light-sensor-01"", ""packet_type"": ""normal"", ""timestamp"": 1789068037.0164106, ""light_intensity"": 427}"
1789068038.0289037,farm/soil,normal,"{""device"": ""soil-sensor-01"", ""packet_type"": ""normal"", ""timestamp"": 1789068038.0208921, ""soil_moisture"": 63}"
1789068039.054905,farm/light,normal,"{""device"": ""light-sensor-01"", ""packet_type"": ""normal"", ""timestamp"": 1789068039.0479107, ""light_intensity"": 664}"
1789068040.0714252,farm/irrigation,normal,"{""device"": ""irrigation-controller"", ""packet_type"": ""normal"", ""timestamp"": 1789068040.0674174, ""pump_status"": ""ON""}"
1789068041.0753138,farm/irrigation,normal,"{""device"": ""irrigation-controller"", ""packet_type"": ""normal"", ""timestamp"": 1789068041.0697927, ""pump_status"": ""OFF""}"
1789068042.0881214,farm/light,normal,"{""device"": ""light-sensor-01"", ""packet_type"": ""normal"", ""timestamp"": 1789068042.0811281, ""light_intensity"": 870}"
1789068043.0963852,farm/light,normal,"{""device"": ""light-sensor-01"", ""packet_type"": ""normal"", ""timestamp"": 1789068043.0896778, ""light_intensity"": 848}"
1789068044.1123428,farm/soil,normal,"{""device"": ""soil-sensor-01"", ""packet_type"": ""normal"", ""timestamp"": 1789068044.108345, ""soil_moisture"": 59}"
1789068045.132828,farm/temperature,normal,"{""device"": ""temp-sensor-01"", ""packet_type"": ""normal"", ""timestamp"": 1789068045.11883, ""temperature"": 26.3}"
1789068046.16142,farm/temperature,normal,"{""device"": ""temp-sensor-01"", ""packet_type"": ""normal"", ""timestamp"": 1789068046.1412501, ""temperature"": 32.1}"
1789068047.1686606,farm/light,normal,"{""device"": ""light-sensor-01"", ""packet_type"": ""normal"", ""timestamp"": 1789068047.1626713, ""light_intensity"": 515}"
1789068048.1762314,farm/irrigation,normal,"{""device"": ""irrigation-controller"", ""packet_type"": ""normal"", ""timestamp"": 1789068048.16983, ""pump_status"": ""ON""}"
1789068049.1921582,farm/light,normal,"{""device"": ""light-sensor-01"", ""packet_type"": ""normal"", ""timestamp"": 1789068049.188995, ""light_intensity"": 516}"
1789068050.1980486,farm/irrigation,normal,"{""device"": ""irrigation-controller"", ""packet_type"": ""normal"", ""timestamp"": 1789068050.1950727, ""pump_status"": ""OFF""}"
1789068051.2115228,farm/light,normal,"{""device"": ""light-sensor-01"", ""packet_type"": ""normal"", ""timestamp"": 1789068051.2053854, ""light_intensity"": 597}"
1789068052.215165,farm/irrigation,normal,"{""device"": ""irrigation-controller"", ""packet_type"": ""normal"", ""timestamp"": 1789068052.21212, ""pump_status"": ""ON""}"
1789068053.2220173,farm/irrigation,normal,"{""device"": ""irrigation-controller"", ""packet_type"": ""normal"", ""timestamp"": 1789068053.2192898, ""pump_status"": ""OFF""}"
1789068054.2293923,farm/light,normal,"{""device"": ""light-sensor-01"", ""packet_type"": ""normal"", ""timestamp"": 1789068054.2267625, ""light_intensity"": 814}"
1789068055.2351315,farm/irrigation,normal,"{""device"": ""irrigation-controller"", ""packet_type"": ""normal"", ""timestamp"": 1789068055.2314472, ""pump_status"": ""ON""}"
1789068056.2456877,farm/soil,normal,"{""device"": ""soil-sensor-01"", ""packet_type"": ""normal"", ""timestamp"": 1789068056.2426805, ""soil_moisture"": 62}"
1789068057.2507834,farm/soil,normal,"{""device"": ""soil-sensor-01"", ""packet_type"": ""normal"", ""timestamp"": 1789068057.2472997, ""soil_moisture"": 40}"
1789068058.2564425,farm/humidity,normal,"{""device"": ""humidity-sensor-01"", ""packet_type"": ""normal"", ""timestamp"": 1789068058.2521598, ""humidity"": 87}"
1789068059.2611518,farm/humidity,normal,"{""device"": ""humidity-sensor-01"", ""packet_type"": ""normal"", ""timestamp"": 1789068059.2581906, ""humidity"": 62}"
1789068060.268826,farm/irrigation,normal,"{""device"": ""irrigation-controller"", ""packet_type"": ""normal"", ""timestamp"": 1789068060.2658193, ""pump_status"": ""ON""}"
1789068061.2754488,farm/light,normal,"{""device"": ""light-sensor-01"", ""packet_type"": ""normal"", ""timestamp"": 1789068061.2724497, ""light_intensity"": 714}"
1789068062.2783642,farm/irrigation,normal,"{""device"": ""irrigation-controller"", ""packet_type"": ""normal"", ""timestamp"": 1789068062.275365, ""pump_status"": ""OFF""}"
1789068063.295179,farm/light,normal,"{""device"": ""light-sensor-01"", ""packet_type"": ""normal"", ""timestamp"": 1789068063.284107, ""light_intensity"": 518}"
1789068064.2914507,farm/soil,normal,"{""device"": ""soil-sensor-01"", ""packet_type"": ""normal"", ""timestamp"": 1789068064.285443, ""soil_moisture"": 71}"
1789068065.2939909,farm/irrigation,normal,"{""device"": ""irrigation-controller"", ""packet_type"": ""normal"", ""timestamp"": 1789068065.2899892, ""pump_status"": ""ON""}"
1789068066.2998724,farm/soil,normal,"{""device"": ""soil-sensor-01"", ""packet_type"": ""normal"", ""timestamp"": 1789068066.2948709, ""soil_moisture"": 71}"
1789068067.316421,farm/soil,normal,"{""device"": ""soil-sensor-01"", ""packet_type"": ""normal"", ""timestamp"": 1789068067.307397, ""soil_moisture"": 54}"
1789068068.3330793,farm/humidity,normal,"{""device"": ""humidity-sensor-01"", ""packet_type"": ""normal"", ""timestamp"": 1789068068.3232863, ""humidity"": 72}"
1789068069.3408349,farm/temperature,normal,"{""device"": ""temp-sensor-01"", ""packet_type"": ""normal"", ""timestamp"": 1789068069.3332708, ""temperature"": 30.4}"
1789068070.3488767,farm/temperature,normal,"{""device"": ""temp-sensor-01"", ""packet_type"": ""normal"", ""timestamp"": 1789068070.3423278, ""temperature"": 29.8}"
1789068071.3668036,farm/irrigation,normal,"{""device"": ""irrigation-controller"", ""packet_type"": ""normal"", ""timestamp"": 1789068071.3608124, ""pump_status"": ""ON""}"
1789068072.36991,farm/light,normal,"{""device"": ""light-sensor-01"", ""packet_type"": ""normal"", ""timestamp"": 1789068072.3659043, ""light_intensity"": 831}"
1789068073.392351,farm/irrigation,normal,"{""device"": ""irrigation-controller"", ""packet_type"": ""normal"", ""timestamp"": 1789068073.3774083, ""pump_status"": ""ON""}"
1789068074.4462845,farm/humidity,normal,"{""device"": ""humidity-sensor-01"", ""packet_type"": ""normal"", ""timestamp"": 1789068074.4232693, ""humidity"": 88}"
1789068075.501914,farm/light,normal,"{""device"": ""light-sensor-01"", ""packet_type"": ""normal"", ""timestamp"": 1789068075.4418907, ""light_intensity"": 595}"
1789068076.502475,farm/light,normal,"{""device"": ""light-sensor-01"", ""packet_type"": ""normal"", ""timestamp"": 1789068076.498474, ""light_intensity"": 550}"
1789068077.531623,farm/temperature,normal,"{""device"": ""temp-sensor-01"", ""packet_type"": ""normal"", ""timestamp"": 1789068077.5060759, ""temperature"": 25.6}"
1789068078.5488522,farm/irrigation,normal,"{""device"": ""irrigation-controller"", ""packet_type"": ""normal"", ""timestamp"": 1789068078.5398436, ""pump_status"": ""ON""}"
1789068079.5653236,farm/humidity,normal,"{""device"": ""humidity-sensor-01"", ""packet_type"": ""normal"", ""timestamp"": 1789068079.5603268, ""humidity"": 55}"
1789068080.5781014,farm/soil,normal,"{""device"": ""soil-sensor-01"", ""packet_type"": ""normal"", ""timestamp"": 1789068080.5701034, ""soil_moisture"": 49}"
1789068081.5880666,farm/humidity,normal,"{""device"": ""humidity-sensor-01"", ""packet_type"": ""normal"", ""timestamp"": 1789068081.5760722, ""humidity"": 59}"
1789068082.5954359,farm/soil,normal,"{""device"": ""soil-sensor-01"", ""packet_type"": ""normal"", ""timestamp"": 1789068082.5924284, ""soil_moisture"": 79}"
1789068083.5972054,farm/soil,normal,"{""device"": ""soil-sensor-01"", ""packet_type"": ""normal"", ""timestamp"": 1789068083.594205, ""soil_moisture"": 55}"
1789068084.6117735,farm/humidity,normal,"{""device"": ""humidity-sensor-01"", ""packet_type"": ""normal"", ""timestamp"": 1789068084.6087685, ""humidity"": 57}"
1789068085.6269345,farm/light,normal,"{""device"": ""light-sensor-01"", ""packet_type"": ""normal"", ""timestamp"": 1789068085.6239328, ""light_intensity"": 521}"
1789068086.635074,farm/temperature,normal,"{""device"": ""temp-sensor-01"", ""packet_type"": ""normal"", ""timestamp"": 1789068086.6320589, ""temperature"": 33.7}"
1789068087.6417882,farm/soil,normal,"{""device"": ""soil-sensor-01"", ""packet_type"": ""normal"", ""timestamp"": 1789068087.63779, ""soil_moisture"": 45}"
1789068088.6437151,farm/irrigation,normal,"{""device"": ""irrigation-controller"", ""packet_type"": ""normal"", ""timestamp"": 1789068088.6407113, ""pump_status"": ""OFF""}"
1789068089.6482756,farm/humidity,normal,"{""device"": ""humidity-sensor-01"", ""packet_type"": ""normal"", ""timestamp"": 1789068089.644277, ""humidity"": 75}"
1789068090.660085,farm/irrigation,normal,"{""device"": ""irrigation-controller"", ""packet_type"": ""normal"", ""timestamp"": 1789068090.657127, ""pump_status"": ""OFF""}"
1789068091.676077,farm/irrigation,normal,"{""device"": ""irrigation-controller"", ""packet_type"": ""normal"", ""timestamp"": 1789068091.673067, ""pump_status"": ""ON""}"
1789068092.679831,farm/humidity,normal,"{""device"": ""humidity-sensor-01"", ""packet_type"": ""normal"", ""timestamp"": 1789068092.6768298, ""humidity"": 80}"
1789068093.69755,farm/light,normal,"{""device"": ""light-sensor-01"", ""packet_type"": ""normal"", ""timestamp"": 1789068093.6936567, ""light_intensity"": 572}"
1789068094.6973114,farm/irrigation,normal,"{""device"": ""irrigation-controller"", ""packet_type"": ""normal"", ""timestamp"": 1789068094.69531, ""pump_status"": ""OFF""}"
1789068095.7284636,farm/irrigation,normal,"{""device"": ""irrigation-controller"", ""packet_type"": ""normal"", ""timestamp"": 1789068095.715932, ""pump_status"": ""ON""}"
1789068096.7397194,farm/humidity,normal,"{""device"": ""humidity-sensor-01"", ""packet_type"": ""normal"", ""timestamp"": 1789068096.7357295, ""humidity"": 55}"
1789068097.7574942,farm/humidity,normal,"{""device"": ""humidity-sensor-01"", ""packet_type"": ""normal"", ""timestamp"": 1789068097.7538164, ""humidity"": 60}"
1789068098.7752342,farm/soil,normal,"{""device"": ""soil-sensor-01"", ""packet_type"": ""normal"", ""timestamp"": 1789068098.7722287, ""soil_moisture"": 55}"
1789068099.7811522,farm/humidity,normal,"{""device"": ""humidity-sensor-01"", ""packet_type"": ""normal"", ""timestamp"": 1789068099.7784474, ""humidity"": 63}"
1789068100.7968585,farm/irrigation,normal,"{""device"": ""irrigation-controller"", ""packet_type"": ""normal"", ""timestamp"": 1789068100.7865388, ""pump_status"": ""OFF""}"
1789068101.8098848,farm/temperature,normal,"{""device"": ""temp-sensor-01"", ""packet_type"": ""normal"", ""timestamp"": 1789068101.798876, ""temperature"": 35.1}"
1789068102.8280776,farm/temperature,normal,"{""device"": ""temp-sensor-01"", ""packet_type"": ""normal"", ""timestamp"": 1789068102.8230762, ""temperature"": 29.8}"
1789068103.8543453,farm/soil,normal,"{""device"": ""soil-sensor-01"", ""packet_type"": ""normal"", ""timestamp"": 1789068103.8290625, ""soil_moisture"": 37}"
1789068104.8665009,farm/soil,normal,"{""device"": ""soil-sensor-01"", ""packet_type"": ""normal"", ""timestamp"": 1789068104.8481708, ""soil_moisture"": 63}"
1789068105.8906813,farm/soil,normal,"{""device"": ""soil-sensor-01"", ""packet_type"": ""normal"", ""timestamp"": 1789068105.8763206, ""soil_moisture"": 46}"
1789068106.9035666,farm/light,normal,"{""device"": ""light-sensor-01"", ""packet_type"": ""normal"", ""timestamp"": 1789068106.8915322, ""light_intensity"": 307}"
1789068107.9158368,farm/soil,normal,"{""device"": ""soil-sensor-01"", ""packet_type"": ""normal"", ""timestamp"": 1789068107.9031146, ""soil_moisture"": 61}"
1789068108.9469292,farm/temperature,normal,"{""device"": ""temp-sensor-01"", ""packet_type"": ""normal"", ""timestamp"": 1789068108.9288774, ""temperature"": 29.2}"
1789068109.9783192,farm/irrigation,normal,"{""device"": ""irrigation-controller"", ""packet_type"": ""normal"", ""timestamp"": 1789068109.9462314, ""pump_status"": ""ON""}"
1789068110.9794345,farm/soil,normal,"{""device"": ""soil-sensor-01"", ""packet_type"": ""normal"", ""timestamp"": 1789068110.9674366, ""soil_moisture"": 62}"
1789068111.9809213,farm/soil,normal,"{""device"": ""soil-sensor-01"", ""packet_type"": ""normal"", ""timestamp"": 1789068111.973924, ""soil_moisture"": 36}"
1789068112.9805155,farm/humidity,normal,"{""device"": ""humidity-sensor-01"", ""packet_type"": ""normal"", ""timestamp"": 1789068112.9759874, ""humidity"": 88}"
1789068113.9824986,farm/humidity,normal,"{""device"": ""humidity-sensor-01"", ""packet_type"": ""normal"", ""timestamp"": 1789068113.9784951, ""humidity"": 51}"
1789068114.9951882,farm/irrigation,normal,"{""device"": ""irrigation-controller"", ""packet_type"": ""normal"", ""timestamp"": 1789068114.992198, ""pump_status"": ""ON""}"
1789068116.0037942,farm/soil,normal,"{""device"": ""soil-sensor-01"", ""packet_type"": ""normal"", ""timestamp"": 1789068116.0007954, ""soil_moisture"": 72}"
1789068117.0198338,farm/irrigation,normal,"{""device"": ""irrigation-controller"", ""packet_type"": ""normal"", ""timestamp"": 1789068117.0168295, ""pump_status"": ""ON""}"
1789068118.0239038,farm/temperature,normal,"{""device"": ""temp-sensor-01"", ""packet_type"": ""normal"", ""timestamp"": 1789068118.0199232, ""temperature"": 31.7}"
1789068119.0357754,farm/light,normal,"{""device"": ""light-sensor-01"", ""packet_type"": ""normal"", ""timestamp"": 1789068119.0327652, ""light_intensity"": 807}"
1789068120.0542603,farm/soil,normal,"{""device"": ""soil-sensor-01"", ""packet_type"": ""normal"", ""timestamp"": 1789068120.0482616, ""soil_moisture"": 32}"
1789068121.0583246,farm/humidity,normal,"{""device"": ""humidity-sensor-01"", ""packet_type"": ""normal"", ""timestamp"": 1789068121.0553555, ""humidity"": 78}"
1789068122.0684695,farm/irrigation,normal,"{""device"": ""irrigation-controller"", ""packet_type"": ""normal"", ""timestamp"": 1789068122.0647473, ""pump_status"": ""OFF""}"
1789068123.0750036,farm/light,normal,"{""device"": ""light-sensor-01"", ""packet_type"": ""normal"", ""timestamp"": 1789068123.0719957, ""light_intensity"": 740}"
1789068124.0910347,farm/temperature,normal,"{""device"": ""temp-sensor-01"", ""packet_type"": ""normal"", ""timestamp"": 1789068124.0870268, ""temperature"": 34.3}"
1789068125.0932364,farm/temperature,normal,"{""device"": ""temp-sensor-01"", ""packet_type"": ""normal"", ""timestamp"": 1789068125.090239, ""temperature"": 33.2}"
1789068126.116081,farm/irrigation,normal,"{""device"": ""irrigation-controller"", ""packet_type"": ""normal"", ""timestamp"": 1789068126.0960863, ""pump_status"": ""ON""}"
1789068127.1208048,farm/irrigation,normal,"{""device"": ""irrigation-controller"", ""packet_type"": ""normal"", ""timestamp"": 1789068127.1149573, ""pump_status"": ""OFF""}"
1789068128.1317685,farm/soil,normal,"{""device"": ""soil-sensor-01"", ""packet_type"": ""normal"", ""timestamp"": 1789068128.1237643, ""soil_moisture"": 38}"
1789068129.1363864,farm/irrigation,normal,"{""device"": ""irrigation-controller"", ""packet_type"": ""normal"", ""timestamp"": 1789068129.1303818, ""pump_status"": ""ON""}"
1789068130.1560204,farm/soil,normal,"{""device"": ""soil-sensor-01"", ""packet_type"": ""normal"", ""timestamp"": 1789068130.1490257, ""soil_moisture"": 32}"
1789068131.1626596,farm/soil,normal,"{""device"": ""soil-sensor-01"", ""packet_type"": ""normal"", ""timestamp"": 1789068131.1546564, ""soil_moisture"": 31}"
1789068132.1767883,farm/temperature,normal,"{""device"": ""temp-sensor-01"", ""packet_type"": ""normal"", ""timestamp"": 1789068132.1607862, ""temperature"": 27.0}"
1789068133.1751506,farm/soil,normal,"{""device"": ""soil-sensor-01"", ""packet_type"": ""normal"", ""timestamp"": 1789068133.1711588, ""soil_moisture"": 42}"
1789068134.1999462,farm/light,normal,"{""device"": ""light-sensor-01"", ""packet_type"": ""normal"", ""timestamp"": 1789068134.1907747, ""light_intensity"": 853}"
1789068135.2260077,farm/light,normal,"{""device"": ""light-sensor-01"", ""packet_type"": ""normal"", ""timestamp"": 1789068135.208981, ""light_intensity"": 251}"
1789068136.2416687,farm/humidity,normal,"{""device"": ""humidity-sensor-01"", ""packet_type"": ""normal"", ""timestamp"": 1789068136.2356665, ""humidity"": 60}"
1789068137.2478042,farm/soil,normal,"{""device"": ""soil-sensor-01"", ""packet_type"": ""normal"", ""timestamp"": 1789068137.2432585, ""soil_moisture"": 67}"
1789068138.2697465,farm/temperature,normal,"{""device"": ""temp-sensor-01"", ""packet_type"": ""normal"", ""timestamp"": 1789068138.2637842, ""temperature"": 26.6}"
1789068139.2908928,farm/light,normal,"{""device"": ""light-sensor-01"", ""packet_type"": ""normal"", ""timestamp"": 1789068139.2738442, ""light_intensity"": 444}"
1789068140.294667,farm/temperature,normal,"{""device"": ""temp-sensor-01"", ""packet_type"": ""normal"", ""timestamp"": 1789068140.29067, ""temperature"": 30.7}"
1789068141.2977424,farm/soil,normal,"{""device"": ""soil-sensor-01"", ""packet_type"": ""normal"", ""timestamp"": 1789068141.2927442, ""soil_moisture"": 34}"
1789068142.302848,farm/soil,normal,"{""device"": ""soil-sensor-01"", ""packet_type"": ""normal"", ""timestamp"": 1789068142.2998538, ""soil_moisture"": 51}"
1789068143.311465,farm/light,normal,"{""device"": ""light-sensor-01"", ""packet_type"": ""normal"", ""timestamp"": 1789068143.3084702, ""light_intensity"": 499}"
1789068144.313437,farm/irrigation,normal,"{""device"": ""irrigation-controller"", ""packet_type"": ""normal"", ""timestamp"": 1789068144.3104415, ""pump_status"": ""OFF""}"
1789068145.3330598,farm/temperature,normal,"{""device"": ""temp-sensor-01"", ""packet_type"": ""normal"", ""timestamp"": 1789068145.326058, ""temperature"": 32.7}"
1789068146.335692,farm/humidity,normal,"{""device"": ""humidity-sensor-01"", ""packet_type"": ""normal"", ""timestamp"": 1789068146.3326757, ""humidity"": 64}"
1789068147.3486316,farm/temperature,normal,"{""device"": ""temp-sensor-01"", ""packet_type"": ""normal"", ""timestamp"": 1789068147.339641, ""temperature"": 32.6}"
1789068148.372738,farm/humidity,normal,"{""device"": ""humidity-sensor-01"", ""packet_type"": ""normal"", ""timestamp"": 1789068148.365734, ""humidity"": 64}"
1789068149.3756456,farm/light,normal,"{""device"": ""light-sensor-01"", ""packet_type"": ""normal"", ""timestamp"": 1789068149.3706396, ""light_intensity"": 328}"
1789068150.3792107,farm/temperature,normal,"{""device"": ""temp-sensor-01"", ""packet_type"": ""normal"", ""timestamp"": 1789068150.3762164, ""temperature"": 35.0}"
1789068151.389555,farm/humidity,normal,"{""device"": ""humidity-sensor-01"", ""packet_type"": ""normal"", ""timestamp"": 1789068151.3865469, ""humidity"": 83}"
1789068152.3935676,farm/light,normal,"{""device"": ""light-sensor-01"", ""packet_type"": ""normal"", ""timestamp"": 1789068152.390574, ""light_intensity"": 424}"
1789068153.3997767,farm/irrigation,normal,"{""device"": ""irrigation-controller"", ""packet_type"": ""normal"", ""timestamp"": 1789068153.3967693, ""pump_status"": ""ON""}"
1789068154.4163387,farm/irrigation,normal,"{""device"": ""irrigation-controller"", ""packet_type"": ""normal"", ""timestamp"": 1789068154.410345, ""pump_status"": ""ON""}"
1789068155.4255254,farm/temperature,normal,"{""device"": ""temp-sensor-01"", ""packet_type"": ""normal"", ""timestamp"": 1789068155.4215403, ""temperature"": 27.3}"
1789068156.4462779,farm/soil,normal,"{""device"": ""soil-sensor-01"", ""packet_type"": ""normal"", ""timestamp"": 1789068156.42625, ""soil_moisture"": 73}"
1789068157.4481144,farm/humidity,normal,"{""device"": ""humidity-sensor-01"", ""packet_type"": ""normal"", ""timestamp"": 1789068157.4431152, ""humidity"": 68}"
1789068158.4683592,farm/irrigation,normal,"{""device"": ""irrigation-controller"", ""packet_type"": ""normal"", ""timestamp"": 1789068158.4567256, ""pump_status"": ""OFF""}"
1789068159.471822,farm/light,normal,"{""device"": ""light-sensor-01"", ""packet_type"": ""normal"", ""timestamp"": 1789068159.466832, ""light_intensity"": 446}"
1789068160.4855864,farm/irrigation,normal,"{""device"": ""irrigation-controller"", ""packet_type"": ""normal"", ""timestamp"": 1789068160.4785967, ""pump_status"": ""OFF""}"
1789068161.5081964,farm/temperature,normal,"{""device"": ""temp-sensor-01"", ""packet_type"": ""normal"", ""timestamp"": 1789068161.500196, ""temperature"": 27.5}"
1789068162.5169966,farm/humidity,normal,"{""device"": ""humidity-sensor-01"", ""packet_type"": ""normal"", ""timestamp"": 1789068162.5079925, ""humidity"": 78}"
1789068163.562205,farm/humidity,normal,"{""device"": ""humidity-sensor-01"", ""packet_type"": ""normal"", ""timestamp"": 1789068163.5256515, ""humidity"": 89}"
1789068164.547039,farm/soil,normal,"{""device"": ""soil-sensor-01"", ""packet_type"": ""normal"", ""timestamp"": 1789068164.5435104, ""soil_moisture"": 34}"
1789068165.5494535,farm/temperature,normal,"{""device"": ""temp-sensor-01"", ""packet_type"": ""normal"", ""timestamp"": 1789068165.5464594, ""temperature"": 35.3}"
1789068166.5564497,farm/temperature,normal,"{""device"": ""temp-sensor-01"", ""packet_type"": ""normal"", ""timestamp"": 1789068166.553452, ""temperature"": 29.1}"
1789068167.563602,farm/humidity,normal,"{""device"": ""humidity-sensor-01"", ""packet_type"": ""normal"", ""timestamp"": 1789068167.5595956, ""humidity"": 72}"
1789068168.5767584,farm/light,normal,"{""device"": ""light-sensor-01"", ""packet_type"": ""normal"", ""timestamp"": 1789068168.5667562, ""light_intensity"": 576}"
1789068169.595253,farm/temperature,normal,"{""device"": ""temp-sensor-01"", ""packet_type"": ""normal"", ""timestamp"": 1789068169.587261, ""temperature"": 29.8}"
1789068170.617703,farm/irrigation,normal,"{""device"": ""irrigation-controller"", ""packet_type"": ""normal"", ""timestamp"": 1789068170.6097093, ""pump_status"": ""OFF""}"
1789068171.6190808,farm/irrigation,normal,"{""device"": ""irrigation-controller"", ""packet_type"": ""normal"", ""timestamp"": 1789068171.6153972, ""pump_status"": ""ON""}"
1789068172.6242373,farm/temperature,normal,"{""device"": ""temp-sensor-01"", ""packet_type"": ""normal"", ""timestamp"": 1789068172.6212227, ""temperature"": 30.5}"
1789068173.6305299,farm/temperature,normal,"{""device"": ""temp-sensor-01"", ""packet_type"": ""normal"", ""timestamp"": 1789068173.6275487, ""temperature"": 29.1}"
1789068174.6357346,farm/light,normal,"{""device"": ""light-sensor-01"", ""packet_type"": ""normal"", ""timestamp"": 1789068174.6327295, ""light_intensity"": 762}"
1789068175.6404707,farm/light,normal,"{""device"": ""light-sensor-01"", ""packet_type"": ""normal"", ""timestamp"": 1789068175.637838, ""light_intensity"": 698}"
1789068176.6472087,farm/soil,normal,"{""device"": ""soil-sensor-01"", ""packet_type"": ""normal"", ""timestamp"": 1789068176.6444352, ""soil_moisture"": 77}"
1789068177.6558027,farm/light,normal,"{""device"": ""light-sensor-01"", ""packet_type"": ""normal"", ""timestamp"": 1789068177.6528037, ""light_intensity"": 589}"
1789068178.6641626,farm/light,normal,"{""device"": ""light-sensor-01"", ""packet_type"": ""normal"", ""timestamp"": 1789068178.6601543, ""light_intensity"": 809}"
1789068179.6675138,farm/light,normal,"{""device"": ""light-sensor-01"", ""packet_type"": ""normal"", ""timestamp"": 1789068179.664508, ""light_intensity"": 874}"
1789068180.6739645,farm/temperature,normal,"{""device"": ""temp-sensor-01"", ""packet_type"": ""normal"", ""timestamp"": 1789068180.6709516, ""temperature"": 25.4}"
1789068181.67695,farm/temperature,normal,"{""device"": ""temp-sensor-01"", ""packet_type"": ""normal"", ""timestamp"": 1789068181.672937, ""temperature"": 30.9}"
1789068182.68202,farm/irrigation,normal,"{""device"": ""irrigation-controller"", ""packet_type"": ""normal"", ""timestamp"": 1789068182.6770108, ""pump_status"": ""OFF""}"
1789068183.6981027,farm/light,normal,"{""device"": ""light-sensor-01"", ""packet_type"": ""normal"", ""timestamp"": 1789068183.6930974, ""light_intensity"": 899}"
1789068184.7092745,farm/temperature,normal,"{""device"": ""temp-sensor-01"", ""packet_type"": ""normal"", ""timestamp"": 1789068184.7045026, ""temperature"": 25.8}"
1789068185.7274776,farm/irrigation,normal,"{""device"": ""irrigation-controller"", ""packet_type"": ""normal"", ""timestamp"": 1789068185.7099423, ""pump_status"": ""OFF""}"
1789068186.73123,farm/humidity,normal,"{""device"": ""humidity-sensor-01"", ""packet_type"": ""normal"", ""timestamp"": 1789068186.7282271, ""humidity"": 52}"
1789068187.7353468,farm/light,normal,"{""device"": ""light-sensor-01"", ""packet_type"": ""normal"", ""timestamp"": 1789068187.732342, ""light_intensity"": 564}"
1789068188.7475176,farm/temperature,normal,"{""device"": ""temp-sensor-01"", ""packet_type"": ""normal"", ""timestamp"": 1789068188.7395265, ""temperature"": 26.5}"
1789068189.7652006,farm/irrigation,normal,"{""device"": ""irrigation-controller"", ""packet_type"": ""normal"", ""timestamp"": 1789068189.7599783, ""pump_status"": ""OFF""}"
1789068190.7788029,farm/soil,normal,"{""device"": ""soil-sensor-01"", ""packet_type"": ""normal"", ""timestamp"": 1789068190.771806, ""soil_moisture"": 34}"
1789068191.8110561,farm/irrigation,normal,"{""device"": ""irrigation-controller"", ""packet_type"": ""normal"", ""timestamp"": 1789068191.7950563, ""pump_status"": ""OFF""}"
1789068192.835818,farm/irrigation,normal,"{""device"": ""irrigation-controller"", ""packet_type"": ""normal"", ""timestamp"": 1789068192.8158112, ""pump_status"": ""OFF""}"
1789068193.84801,farm/humidity,normal,"{""device"": ""humidity-sensor-01"", ""packet_type"": ""normal"", ""timestamp"": 1789068193.839651, ""humidity"": 50}"
1789068194.8619087,farm/humidity,normal,"{""device"": ""humidity-sensor-01"", ""packet_type"": ""normal"", ""timestamp"": 1789068194.8508997, ""humidity"": 79}"
1789068195.8954306,farm/irrigation,normal,"{""device"": ""irrigation-controller"", ""packet_type"": ""normal"", ""timestamp"": 1789068195.8689008, ""pump_status"": ""ON""}"
1789068196.912732,farm/temperature,normal,"{""device"": ""temp-sensor-01"", ""packet_type"": ""normal"", ""timestamp"": 1789068196.9067354, ""temperature"": 24.7}"
1789068201.55156,farm/light,normal,"{""device"": ""light-sensor-01"", ""packet_type"": ""normal"", ""timestamp"": 1789068197.91474, ""light_intensity"": 531}"
1789068201.5585492,farm/soil,normal,"{""device"": ""soil-sensor-01"", ""packet_type"": ""normal"", ""timestamp"": 1789068198.9234166, ""soil_moisture"": 41}"
1789068201.5881236,farm/soil,normal,"{""device"": ""soil-sensor-01"", ""packet_type"": ""normal"", ""timestamp"": 1789068199.93248, ""soil_moisture"": 71}"
1789068201.5991209,farm/temperature,normal,"{""device"": ""temp-sensor-01"", ""packet_type"": ""normal"", ""timestamp"": 1789068200.9406686, ""temperature"": 26.9}"
1789068201.9580724,farm/light,normal,"{""device"": ""light-sensor-01"", ""packet_type"": ""normal"", ""timestamp"": 1789068201.9501426, ""light_intensity"": 620}"
1789068202.9628608,farm/irrigation,normal,"{""device"": ""irrigation-controller"", ""packet_type"": ""normal"", ""timestamp"": 1789068202.9584672, ""pump_status"": ""ON""}"
1789068203.9775734,farm/humidity,normal,"{""device"": ""humidity-sensor-01"", ""packet_type"": ""normal"", ""timestamp"": 1789068203.9663196, ""humidity"": 89}"
1789068204.9857385,farm/temperature,normal,"{""device"": ""temp-sensor-01"", ""packet_type"": ""normal"", ""timestamp"": 1789068204.9827287, ""temperature"": 24.1}"
1789068205.989234,farm/irrigation,normal,"{""device"": ""irrigation-controller"", ""packet_type"": ""normal"", ""timestamp"": 1789068205.985693, ""pump_status"": ""OFF""}"
1789068206.9938939,farm/light,normal,"{""device"": ""light-sensor-01"", ""packet_type"": ""normal"", ""timestamp"": 1789068206.9908907, ""light_intensity"": 713}"
1789068208.000865,farm/humidity,normal,"{""device"": ""humidity-sensor-01"", ""packet_type"": ""normal"", ""timestamp"": 1789068207.9978902, ""humidity"": 90}"
1789068209.004288,farm/humidity,normal,"{""device"": ""humidity-sensor-01"", ""packet_type"": ""normal"", ""timestamp"": 1789068209.001312, ""humidity"": 54}"
1789068210.012623,farm/light,normal,"{""device"": ""light-sensor-01"", ""packet_type"": ""normal"", ""timestamp"": 1789068210.0069995, ""light_intensity"": 369}"
1789068211.0243647,farm/humidity,normal,"{""device"": ""humidity-sensor-01"", ""packet_type"": ""normal"", ""timestamp"": 1789068211.0204933, ""humidity"": 86}"
1789068212.030012,farm/temperature,normal,"{""device"": ""temp-sensor-01"", ""packet_type"": ""normal"", ""timestamp"": 1789068212.0270114, ""temperature"": 26.5}"
1789068213.0546637,farm/irrigation,normal,"{""device"": ""irrigation-controller"", ""packet_type"": ""normal"", ""timestamp"": 1789068213.0366652, ""pump_status"": ""OFF""}"
1789068214.0683358,farm/light,normal,"{""device"": ""light-sensor-01"", ""packet_type"": ""normal"", ""timestamp"": 1789068214.0553343, ""light_intensity"": 820}"
1789068215.071598,farm/temperature,normal,"{""device"": ""temp-sensor-01"", ""packet_type"": ""normal"", ""timestamp"": 1789068215.0646057, ""temperature"": 30.5}"
1789068216.1005259,farm/irrigation,normal,"{""device"": ""irrigation-controller"", ""packet_type"": ""normal"", ""timestamp"": 1789068216.0840018, ""pump_status"": ""ON""}"
1789068217.1077173,farm/humidity,normal,"{""device"": ""humidity-sensor-01"", ""packet_type"": ""normal"", ""timestamp"": 1789068217.1001797, ""humidity"": 72}"
1789068218.124205,farm/humidity,normal,"{""device"": ""humidity-sensor-01"", ""packet_type"": ""normal"", ""timestamp"": 1789068218.1112018, ""humidity"": 58}"
1789068219.1514208,farm/soil,normal,"{""device"": ""soil-sensor-01"", ""packet_type"": ""normal"", ""timestamp"": 1789068219.125411, ""soil_moisture"": 79}"
1789068220.172807,farm/soil,normal,"{""device"": ""soil-sensor-01"", ""packet_type"": ""normal"", ""timestamp"": 1789068220.1602678, ""soil_moisture"": 77}"
1789068221.2174933,farm/humidity,normal,"{""device"": ""humidity-sensor-01"", ""packet_type"": ""normal"", ""timestamp"": 1789068221.1898973, ""humidity"": 85}"
1789068222.2257965,farm/soil,normal,"{""device"": ""soil-sensor-01"", ""packet_type"": ""normal"", ""timestamp"": 1789068222.2211246, ""soil_moisture"": 70}"
1789068223.2366998,farm/soil,normal,"{""device"": ""soil-sensor-01"", ""packet_type"": ""normal"", ""timestamp"": 1789068223.2339346, ""soil_moisture"": 30}"
1789068224.2525437,farm/temperature,normal,"{""device"": ""temp-sensor-01"", ""packet_type"": ""normal"", ""timestamp"": 1789068224.2498417, ""temperature"": 29.3}"
1789068225.2570415,farm/light,normal,"{""device"": ""light-sensor-01"", ""packet_type"": ""normal"", ""timestamp"": 1789068225.2513251, ""light_intensity"": 793}"
1789068226.273918,farm/soil,normal,"{""device"": ""soil-sensor-01"", ""packet_type"": ""normal"", ""timestamp"": 1789068226.2593753, ""soil_moisture"": 76}"
1789068227.2936716,farm/temperature,normal,"{""device"": ""temp-sensor-01"", ""packet_type"": ""normal"", ""timestamp"": 1789068227.2813396, ""temperature"": 30.3}"
1789068228.307631,farm/humidity,normal,"{""device"": ""humidity-sensor-01"", ""packet_type"": ""normal"", ""timestamp"": 1789068228.2986057, ""humidity"": 89}"
1789068229.313658,farm/soil,normal,"{""device"": ""soil-sensor-01"", ""packet_type"": ""normal"", ""timestamp"": 1789068229.3061237, ""soil_moisture"": 49}"
1789068230.3273013,farm/light,normal,"{""device"": ""light-sensor-01"", ""packet_type"": ""normal"", ""timestamp"": 1789068230.3238358, ""light_intensity"": 614}"
1789068231.3357148,farm/temperature,normal,"{""device"": ""temp-sensor-01"", ""packet_type"": ""normal"", ""timestamp"": 1789068231.3321743, ""temperature"": 24.2}"
1789068232.34822,farm/irrigation,normal,"{""device"": ""irrigation-controller"", ""packet_type"": ""normal"", ""timestamp"": 1789068232.3455296, ""pump_status"": ""OFF""}"
1789068233.3617337,farm/humidity,normal,"{""device"": ""humidity-sensor-01"", ""packet_type"": ""normal"", ""timestamp"": 1789068233.3590558, ""humidity"": 54}"
1789068234.3773577,farm/irrigation,normal,"{""device"": ""irrigation-controller"", ""packet_type"": ""normal"", ""timestamp"": 1789068234.373648, ""pump_status"": ""ON""}"
1789068235.3918636,farm/light,normal,"{""device"": ""light-sensor-01"", ""packet_type"": ""normal"", ""timestamp"": 1789068235.3891695, ""light_intensity"": 499}"
1789068236.4048662,farm/humidity,normal,"{""device"": ""humidity-sensor-01"", ""packet_type"": ""normal"", ""timestamp"": 1789068236.401888, ""humidity"": 65}"
1789068237.4205365,farm/humidity,normal,"{""device"": ""humidity-sensor-01"", ""packet_type"": ""normal"", ""timestamp"": 1789068237.4175308, ""humidity"": 89}"
1789068238.435319,farm/light,normal,"{""device"": ""light-sensor-01"", ""packet_type"": ""normal"", ""timestamp"": 1789068238.4322572, ""light_intensity"": 717}"
1789068239.440203,farm/temperature,normal,"{""device"": ""temp-sensor-01"", ""packet_type"": ""normal"", ""timestamp"": 1789068239.4372277, ""temperature"": 24.8}"
1789068240.4478347,farm/light,normal,"{""device"": ""light-sensor-01"", ""packet_type"": ""normal"", ""timestamp"": 1789068240.4418294, ""light_intensity"": 768}"
1789068241.4481878,farm/light,normal,"{""device"": ""light-sensor-01"", ""packet_type"": ""normal"", ""timestamp"": 1789068241.4452233, ""light_intensity"": 464}"
1789068242.4496307,farm/humidity,normal,"{""device"": ""humidity-sensor-01"", ""packet_type"": ""normal"", ""timestamp"": 1789068242.4461093, ""humidity"": 55}"
1789068243.4557776,farm/humidity,normal,"{""device"": ""humidity-sensor-01"", ""packet_type"": ""normal"", ""timestamp"": 1789068243.4521258, ""humidity"": 87}"
1789068244.4839654,farm/temperature,normal,"{""device"": ""temp-sensor-01"", ""packet_type"": ""normal"", ""timestamp"": 1789068244.4676974, ""temperature"": 33.5}"
1789068245.4844315,farm/soil,normal,"{""device"": ""soil-sensor-01"", ""packet_type"": ""normal"", ""timestamp"": 1789068245.481438, ""soil_moisture"": 46}"
1789068246.5190563,farm/irrigation,normal,"{""device"": ""irrigation-controller"", ""packet_type"": ""normal"", ""timestamp"": 1789068246.4960496, ""pump_status"": ""ON""}"
1789068247.534003,farm/irrigation,normal,"{""device"": ""irrigation-controller"", ""packet_type"": ""normal"", ""timestamp"": 1789068247.5199873, ""pump_status"": ""OFF""}"
1789068248.5428078,farm/irrigation,normal,"{""device"": ""irrigation-controller"", ""packet_type"": ""normal"", ""timestamp"": 1789068248.5339959, ""pump_status"": ""OFF""}"
1789068249.5797126,farm/light,normal,"{""device"": ""light-sensor-01"", ""packet_type"": ""normal"", ""timestamp"": 1789068249.5552475, ""light_intensity"": 672}"
1789068250.5879538,farm/humidity,normal,"{""device"": ""humidity-sensor-01"", ""packet_type"": ""normal"", ""timestamp"": 1789068250.5739546, ""humidity"": 68}"
1789068251.626572,farm/irrigation,normal,"{""device"": ""irrigation-controller"", ""packet_type"": ""normal"", ""timestamp"": 1789068251.58757, ""pump_status"": ""OFF""}"
1789068252.6558404,farm/humidity,normal,"{""device"": ""humidity-sensor-01"", ""packet_type"": ""normal"", ""timestamp"": 1789068252.6183805, ""humidity"": 84}"
1789068253.655085,farm/temperature,normal,"{""device"": ""temp-sensor-01"", ""packet_type"": ""normal"", ""timestamp"": 1789068253.6510677, ""temperature"": 28.4}"
1789068254.6806035,farm/light,normal,"{""device"": ""light-sensor-01"", ""packet_type"": ""normal"", ""timestamp"": 1789068254.6676116, ""light_intensity"": 296}"
1789068255.7174368,farm/irrigation,normal,"{""device"": ""irrigation-controller"", ""packet_type"": ""normal"", ""timestamp"": 1789068255.692702, ""pump_status"": ""OFF""}"
1789068256.7263181,farm/soil,normal,"{""device"": ""soil-sensor-01"", ""packet_type"": ""normal"", ""timestamp"": 1789068256.707315, ""soil_moisture"": 32}"
1789068257.7396507,farm/light,normal,"{""device"": ""light-sensor-01"", ""packet_type"": ""normal"", ""timestamp"": 1789068257.7271752, ""light_intensity"": 354}"
1789068258.7516782,farm/light,normal,"{""device"": ""light-sensor-01"", ""packet_type"": ""normal"", ""timestamp"": 1789068258.7416701, ""light_intensity"": 470}"
1789068259.7998986,farm/humidity,normal,"{""device"": ""humidity-sensor-01"", ""packet_type"": ""normal"", ""timestamp"": 1789068259.783893, ""humidity"": 73}"
1789068260.8375509,farm/temperature,normal,"{""device"": ""temp-sensor-01"", ""packet_type"": ""normal"", ""timestamp"": 1789068260.8115535, ""temperature"": 28.9}"
1789068261.8381102,farm/humidity,normal,"{""device"": ""humidity-sensor-01"", ""packet_type"": ""normal"", ""timestamp"": 1789068261.8351038, ""humidity"": 70}"
1789068262.845947,farm/irrigation,normal,"{""device"": ""irrigation-controller"", ""packet_type"": ""normal"", ""timestamp"": 1789068262.841928, ""pump_status"": ""ON""}"
1789068263.8515205,farm/temperature,normal,"{""device"": ""temp-sensor-01"", ""packet_type"": ""normal"", ""timestamp"": 1789068263.8446567, ""temperature"": 34.0}"
1789068264.8653939,farm/irrigation,normal,"{""device"": ""irrigation-controller"", ""packet_type"": ""normal"", ""timestamp"": 1789068264.8608572, ""pump_status"": ""OFF""}"
1789068265.8683426,farm/irrigation,normal,"{""device"": ""irrigation-controller"", ""packet_type"": ""normal"", ""timestamp"": 1789068265.8643231, ""pump_status"": ""ON""}"
1789068266.872159,farm/light,normal,"{""device"": ""light-sensor-01"", ""packet_type"": ""normal"", ""timestamp"": 1789068266.869162, ""light_intensity"": 763}"
1789068267.879119,farm/humidity,normal,"{""device"": ""humidity-sensor-01"", ""packet_type"": ""normal"", ""timestamp"": 1789068267.876118, ""humidity"": 72}"
1789068268.8934376,farm/irrigation,normal,"{""device"": ""irrigation-controller"", ""packet_type"": ""normal"", ""timestamp"": 1789068268.890436, ""pump_status"": ""ON""}"
1789068269.901439,farm/light,normal,"{""device"": ""light-sensor-01"", ""packet_type"": ""normal"", ""timestamp"": 1789068269.8984437, ""light_intensity"": 709}"
1789068270.9175847,farm/irrigation,normal,"{""device"": ""irrigation-controller"", ""packet_type"": ""normal"", ""timestamp"": 1789068270.9135854, ""pump_status"": ""ON""}"
1789068271.9384205,farm/soil,normal,"{""device"": ""soil-sensor-01"", ""packet_type"": ""normal"", ""timestamp"": 1789068271.923402, ""soil_moisture"": 70}"
1789068272.9490757,farm/temperature,normal,"{""device"": ""temp-sensor-01"", ""packet_type"": ""normal"", ""timestamp"": 1789068272.9465632, ""temperature"": 33.6}"
1789068273.95154,farm/irrigation,normal,"{""device"": ""irrigation-controller"", ""packet_type"": ""normal"", ""timestamp"": 1789068273.9479501, ""pump_status"": ""OFF""}"
1789068274.9657435,farm/temperature,normal,"{""device"": ""temp-sensor-01"", ""packet_type"": ""normal"", ""timestamp"": 1789068274.9630604, ""temperature"": 35.4}"
1789068275.98216,farm/temperature,normal,"{""device"": ""temp-sensor-01"", ""packet_type"": ""normal"", ""timestamp"": 1789068275.9771667, ""temperature"": 26.7}"
1789068276.992556,farm/light,normal,"{""device"": ""light-sensor-01"", ""packet_type"": ""normal"", ""timestamp"": 1789068276.9865544, ""light_intensity"": 351}"
1789068278.0022397,farm/irrigation,normal,"{""device"": ""irrigation-controller"", ""packet_type"": ""normal"", ""timestamp"": 1789068277.9972413, ""pump_status"": ""ON""}"
1789068279.0148127,farm/light,normal,"{""device"": ""light-sensor-01"", ""packet_type"": ""normal"", ""timestamp"": 1789068279.010816, ""light_intensity"": 649}"
1789068280.0227697,farm/temperature,normal,"{""device"": ""temp-sensor-01"", ""packet_type"": ""normal"", ""timestamp"": 1789068280.0197752, ""temperature"": 30.4}"
1789068281.0353186,farm/irrigation,normal,"{""device"": ""irrigation-controller"", ""packet_type"": ""normal"", ""timestamp"": 1789068281.028318, ""pump_status"": ""OFF""}"
1789068282.0530221,farm/soil,normal,"{""device"": ""soil-sensor-01"", ""packet_type"": ""normal"", ""timestamp"": 1789068282.0500264, ""soil_moisture"": 32}"
1789068283.066428,farm/light,normal,"{""device"": ""light-sensor-01"", ""packet_type"": ""normal"", ""timestamp"": 1789068283.0614157, ""light_intensity"": 276}"
1789068284.086724,farm/humidity,normal,"{""device"": ""humidity-sensor-01"", ""packet_type"": ""normal"", ""timestamp"": 1789068284.0766652, ""humidity"": 61}"
1789068285.0990028,farm/soil,normal,"{""device"": ""soil-sensor-01"", ""packet_type"": ""normal"", ""timestamp"": 1789068285.0949178, ""soil_moisture"": 66}"
1789068286.104725,farm/irrigation,normal,"{""device"": ""irrigation-controller"", ""packet_type"": ""normal"", ""timestamp"": 1789068286.1010535, ""pump_status"": ""ON""}"
1789068287.1132877,farm/temperature,normal,"{""device"": ""temp-sensor-01"", ""packet_type"": ""normal"", ""timestamp"": 1789068287.1095426, ""temperature"": 24.2}"
1789068288.1181931,farm/soil,normal,"{""device"": ""soil-sensor-01"", ""packet_type"": ""normal"", ""timestamp"": 1789068288.1152043, ""soil_moisture"": 74}"
1789068289.1256492,farm/temperature,normal,"{""device"": ""temp-sensor-01"", ""packet_type"": ""normal"", ""timestamp"": 1789068289.1226437, ""temperature"": 29.5}"
1789068290.13195,farm/humidity,normal,"{""device"": ""humidity-sensor-01"", ""packet_type"": ""normal"", ""timestamp"": 1789068290.1289563, ""humidity"": 80}"
1789068291.139034,farm/temperature,normal,"{""device"": ""temp-sensor-01"", ""packet_type"": ""normal"", ""timestamp"": 1789068291.1360338, ""temperature"": 30.6}"
1789068292.1527877,farm/humidity,normal,"{""device"": ""humidity-sensor-01"", ""packet_type"": ""normal"", ""timestamp"": 1789068292.1477892, ""humidity"": 71}"
1789068293.1725883,farm/irrigation,normal,"{""device"": ""irrigation-controller"", ""packet_type"": ""normal"", ""timestamp"": 1789068293.1665864, ""pump_status"": ""OFF""}"
1789068294.1900175,farm/humidity,normal,"{""device"": ""humidity-sensor-01"", ""packet_type"": ""normal"", ""timestamp"": 1789068294.18651, ""humidity"": 69}"
1789068295.194613,farm/humidity,normal,"{""device"": ""humidity-sensor-01"", ""packet_type"": ""normal"", ""timestamp"": 1789068295.191595, ""humidity"": 77}"
1789068296.204559,farm/light,normal,"{""device"": ""light-sensor-01"", ""packet_type"": ""normal"", ""timestamp"": 1789068296.20179, ""light_intensity"": 337}"
1789068297.2137618,farm/soil,normal,"{""device"": ""soil-sensor-01"", ""packet_type"": ""normal"", ""timestamp"": 1789068297.209981, ""soil_moisture"": 44}"
1789068298.217643,farm/humidity,normal,"{""device"": ""humidity-sensor-01"", ""packet_type"": ""normal"", ""timestamp"": 1789068298.2137594, ""humidity"": 50}"
1789068299.225847,farm/humidity,normal,"{""device"": ""humidity-sensor-01"", ""packet_type"": ""normal"", ""timestamp"": 1789068299.2228403, ""humidity"": 89}"
1789068300.2295756,farm/temperature,normal,"{""device"": ""temp-sensor-01"", ""packet_type"": ""normal"", ""timestamp"": 1789068300.2265742, ""temperature"": 27.6}"
1789068301.2392864,farm/temperature,normal,"{""device"": ""temp-sensor-01"", ""packet_type"": ""normal"", ""timestamp"": 1789068301.2352884, ""temperature"": 35.8}"
1789068302.2413583,farm/irrigation,normal,"{""device"": ""irrigation-controller"", ""packet_type"": ""normal"", ""timestamp"": 1789068302.2376773, ""pump_status"": ""OFF""}"
1789068303.2445924,farm/temperature,normal,"{""device"": ""temp-sensor-01"", ""packet_type"": ""normal"", ""timestamp"": 1789068303.2407439, ""temperature"": 30.5}"
1789068304.2564685,farm/soil,normal,"{""device"": ""soil-sensor-01"", ""packet_type"": ""normal"", ""timestamp"": 1789068304.2534623, ""soil_moisture"": 40}"
1789068305.2733288,farm/irrigation,normal,"{""device"": ""irrigation-controller"", ""packet_type"": ""normal"", ""timestamp"": 1789068305.2693727, ""pump_status"": ""OFF""}"
1789068306.2996502,farm/light,normal,"{""device"": ""light-sensor-01"", ""packet_type"": ""normal"", ""timestamp"": 1789068306.2836442, ""light_intensity"": 578}"
1789068307.292093,farm/light,normal,"{""device"": ""light-sensor-01"", ""packet_type"": ""normal"", ""timestamp"": 1789068307.2891686, ""light_intensity"": 437}"
1789068308.3021593,farm/irrigation,normal,"{""device"": ""irrigation-controller"", ""packet_type"": ""normal"", ""timestamp"": 1789068308.2981598, ""pump_status"": ""OFF""}"
1789068309.3045013,farm/temperature,normal,"{""device"": ""temp-sensor-01"", ""packet_type"": ""normal"", ""timestamp"": 1789068309.301498, ""temperature"": 27.6}"
1789068310.3080776,farm/soil,normal,"{""device"": ""soil-sensor-01"", ""packet_type"": ""normal"", ""timestamp"": 1789068310.3050735, ""soil_moisture"": 56}"
1789068311.31672,farm/humidity,normal,"{""device"": ""humidity-sensor-01"", ""packet_type"": ""normal"", ""timestamp"": 1789068311.3127158, ""humidity"": 64}"
1789068312.3240328,farm/temperature,normal,"{""device"": ""temp-sensor-01"", ""packet_type"": ""normal"", ""timestamp"": 1789068312.3184924, ""temperature"": 28.5}"
1789068313.3236864,farm/soil,normal,"{""device"": ""soil-sensor-01"", ""packet_type"": ""normal"", ""timestamp"": 1789068313.3201594, ""soil_moisture"": 52}"
1789068314.330817,farm/irrigation,normal,"{""device"": ""irrigation-controller"", ""packet_type"": ""normal"", ""timestamp"": 1789068314.3278182, ""pump_status"": ""OFF""}"
1789068315.338813,farm/soil,normal,"{""device"": ""soil-sensor-01"", ""packet_type"": ""normal"", ""timestamp"": 1789068315.3308132, ""soil_moisture"": 56}"
1789068316.3543751,farm/humidity,normal,"{""device"": ""humidity-sensor-01"", ""packet_type"": ""normal"", ""timestamp"": 1789068316.3503773, ""humidity"": 89}"
1789068317.3607333,farm/irrigation,normal,"{""device"": ""irrigation-controller"", ""packet_type"": ""normal"", ""timestamp"": 1789068317.3577232, ""pump_status"": ""OFF""}"
1789068318.369359,farm/humidity,normal,"{""device"": ""humidity-sensor-01"", ""packet_type"": ""normal"", ""timestamp"": 1789068318.3663628, ""humidity"": 69}"
1789068319.3718824,farm/soil,normal,"{""device"": ""soil-sensor-01"", ""packet_type"": ""normal"", ""timestamp"": 1789068319.368881, ""soil_moisture"": 62}"
1789068320.3824668,farm/irrigation,normal,"{""device"": ""irrigation-controller"", ""packet_type"": ""normal"", ""timestamp"": 1789068320.3753593, ""pump_status"": ""OFF""}"
1789068321.396953,farm/soil,normal,"{""device"": ""soil-sensor-01"", ""packet_type"": ""normal"", ""timestamp"": 1789068321.3929589, ""soil_moisture"": 44}"
1789068322.3983183,farm/temperature,normal,"{""device"": ""temp-sensor-01"", ""packet_type"": ""normal"", ""timestamp"": 1789068322.3943198, ""temperature"": 34.2}"
1789068323.4064124,farm/temperature,normal,"{""device"": ""temp-sensor-01"", ""packet_type"": ""normal"", ""timestamp"": 1789068323.4034138, ""temperature"": 33.0}"
1789068324.4103537,farm/light,normal,"{""device"": ""light-sensor-01"", ""packet_type"": ""normal"", ""timestamp"": 1789068324.4073396, ""light_intensity"": 420}"
1789068325.4179397,farm/irrigation,normal,"{""device"": ""irrigation-controller"", ""packet_type"": ""normal"", ""timestamp"": 1789068325.4129357, ""pump_status"": ""OFF""}"
1789068326.426487,farm/humidity,normal,"{""device"": ""humidity-sensor-01"", ""packet_type"": ""normal"", ""timestamp"": 1789068326.4234858, ""humidity"": 63}"
1789068327.4490466,farm/temperature,normal,"{""device"": ""temp-sensor-01"", ""packet_type"": ""normal"", ""timestamp"": 1789068327.440806, ""temperature"": 29.1}"
1789068328.4519548,farm/soil,normal,"{""device"": ""soil-sensor-01"", ""packet_type"": ""normal"", ""timestamp"": 1789068328.4494262, ""soil_moisture"": 31}"
1789068329.4586513,farm/light,normal,"{""device"": ""light-sensor-01"", ""packet_type"": ""normal"", ""timestamp"": 1789068329.4561126, ""light_intensity"": 624}"
1789068330.463708,farm/humidity,normal,"{""device"": ""humidity-sensor-01"", ""packet_type"": ""normal"", ""timestamp"": 1789068330.4590852, ""humidity"": 50}"
1789068331.4658644,farm/irrigation,normal,"{""device"": ""irrigation-controller"", ""packet_type"": ""normal"", ""timestamp"": 1789068331.4621282, ""pump_status"": ""ON""}"
1789068332.4733672,farm/humidity,normal,"{""device"": ""humidity-sensor-01"", ""packet_type"": ""normal"", ""timestamp"": 1789068332.4703104, ""humidity"": 84}"
1789068333.4785097,farm/temperature,normal,"{""device"": ""temp-sensor-01"", ""packet_type"": ""normal"", ""timestamp"": 1789068333.475517, ""temperature"": 35.5}"
1789068334.4934728,farm/soil,normal,"{""device"": ""soil-sensor-01"", ""packet_type"": ""normal"", ""timestamp"": 1789068334.4909346, ""soil_moisture"": 67}"
1789068335.4975326,farm/humidity,normal,"{""device"": ""humidity-sensor-01"", ""packet_type"": ""normal"", ""timestamp"": 1789068335.4947913, ""humidity"": 88}"
1789068336.504982,farm/humidity,normal,"{""device"": ""humidity-sensor-01"", ""packet_type"": ""normal"", ""timestamp"": 1789068336.5022976, ""humidity"": 57}"
1789068337.509633,farm/soil,normal,"{""device"": ""soil-sensor-01"", ""packet_type"": ""normal"", ""timestamp"": 1789068337.5069947, ""soil_moisture"": 62}"
1789068338.5161834,farm/humidity,normal,"{""device"": ""humidity-sensor-01"", ""packet_type"": ""normal"", ""timestamp"": 1789068338.51336, ""humidity"": 73}"
1789068339.5251148,farm/light,normal,"{""device"": ""light-sensor-01"", ""packet_type"": ""normal"", ""timestamp"": 1789068339.5212595, ""light_intensity"": 491}"
1789068340.539821,farm/soil,normal,"{""device"": ""soil-sensor-01"", ""packet_type"": ""normal"", ""timestamp"": 1789068340.5368233, ""soil_moisture"": 75}"
1789068341.546973,farm/humidity,normal,"{""device"": ""humidity-sensor-01"", ""packet_type"": ""normal"", ""timestamp"": 1789068341.5439193, ""humidity"": 67}"
1789068342.5566773,farm/light,normal,"{""device"": ""light-sensor-01"", ""packet_type"": ""normal"", ""timestamp"": 1789068342.5532877, ""light_intensity"": 291}"
1789068343.5648081,farm/temperature,normal,"{""device"": ""temp-sensor-01"", ""packet_type"": ""normal"", ""timestamp"": 1789068343.5611265, ""temperature"": 25.9}"
1789068344.5838065,farm/humidity,normal,"{""device"": ""humidity-sensor-01"", ""packet_type"": ""normal"", ""timestamp"": 1789068344.5798056, ""humidity"": 54}"
1789068345.606981,farm/temperature,normal,"{""device"": ""temp-sensor-01"", ""packet_type"": ""normal"", ""timestamp"": 1789068345.597994, ""temperature"": 27.0}"
1789068346.6229017,farm/temperature,normal,"{""device"": ""temp-sensor-01"", ""packet_type"": ""normal"", ""timestamp"": 1789068346.6189034, ""temperature"": 32.6}"
1789068347.6316037,farm/light,normal,"{""device"": ""light-sensor-01"", ""packet_type"": ""normal"", ""timestamp"": 1789068347.6276002, ""light_intensity"": 581}"
1789068348.6378481,farm/soil,normal,"{""device"": ""soil-sensor-01"", ""packet_type"": ""normal"", ""timestamp"": 1789068348.6348617, ""soil_moisture"": 56}"
1789068349.6482224,farm/humidity,normal,"{""device"": ""humidity-sensor-01"", ""packet_type"": ""normal"", ""timestamp"": 1789068349.6452248, ""humidity"": 86}"
1789068350.6568568,farm/soil,normal,"{""device"": ""soil-sensor-01"", ""packet_type"": ""normal"", ""timestamp"": 1789068350.6538475, ""soil_moisture"": 47}"
1789068351.6650212,farm/irrigation,normal,"{""device"": ""irrigation-controller"", ""packet_type"": ""normal"", ""timestamp"": 1789068351.662017, ""pump_status"": ""OFF""}"
1789068352.667261,farm/temperature,normal,"{""device"": ""temp-sensor-01"", ""packet_type"": ""normal"", ""timestamp"": 1789068352.6642601, ""temperature"": 26.5}"
1789068353.6715887,farm/soil,normal,"{""device"": ""soil-sensor-01"", ""packet_type"": ""normal"", ""timestamp"": 1789068353.6685905, ""soil_moisture"": 49}"
1789068354.6882677,farm/light,normal,"{""device"": ""light-sensor-01"", ""packet_type"": ""normal"", ""timestamp"": 1789068354.6852612, ""light_intensity"": 618}"
1789068355.6941328,farm/temperature,normal,"{""device"": ""temp-sensor-01"", ""packet_type"": ""normal"", ""timestamp"": 1789068355.6921346, ""temperature"": 32.2}"
1789068356.701908,farm/soil,normal,"{""device"": ""soil-sensor-01"", ""packet_type"": ""normal"", ""timestamp"": 1789068356.6993783, ""soil_moisture"": 65}"
1789068357.7030187,farm/temperature,normal,"{""device"": ""temp-sensor-01"", ""packet_type"": ""normal"", ""timestamp"": 1789068357.7003572, ""temperature"": 35.3}"
1789068358.705496,farm/irrigation,normal,"{""device"": ""irrigation-controller"", ""packet_type"": ""normal"", ""timestamp"": 1789068358.7027721, ""pump_status"": ""ON""}"
1789068359.710553,farm/light,normal,"{""device"": ""light-sensor-01"", ""packet_type"": ""normal"", ""timestamp"": 1789068359.707838, ""light_intensity"": 491}"
1789068360.7164443,farm/humidity,normal,"{""device"": ""humidity-sensor-01"", ""packet_type"": ""normal"", ""timestamp"": 1789068360.7128284, ""humidity"": 81}"
1789068361.723091,farm/irrigation,normal,"{""device"": ""irrigation-controller"", ""packet_type"": ""normal"", ""timestamp"": 1789068361.7200944, ""pump_status"": ""ON""}"
1789068362.7300112,farm/light,normal,"{""device"": ""light-sensor-01"", ""packet_type"": ""normal"", ""timestamp"": 1789068362.72701, ""light_intensity"": 836}"
1789068363.7389226,farm/light,normal,"{""device"": ""light-sensor-01"", ""packet_type"": ""normal"", ""timestamp"": 1789068363.7359235, ""light_intensity"": 790}"
1789068364.7448838,farm/irrigation,normal,"{""device"": ""irrigation-controller"", ""packet_type"": ""normal"", ""timestamp"": 1789068364.7418733, ""pump_status"": ""ON""}"
1789068365.750978,farm/humidity,normal,"{""device"": ""humidity-sensor-01"", ""packet_type"": ""normal"", ""timestamp"": 1789068365.7479835, ""humidity"": 75}"
1789068366.7548306,farm/humidity,normal,"{""device"": ""humidity-sensor-01"", ""packet_type"": ""normal"", ""timestamp"": 1789068366.7508304, ""humidity"": 81}"
1789068367.7575233,farm/humidity,normal,"{""device"": ""humidity-sensor-01"", ""packet_type"": ""normal"", ""timestamp"": 1789068367.754535, ""humidity"": 84}"
1789068368.7677383,farm/humidity,normal,"{""device"": ""humidity-sensor-01"", ""packet_type"": ""normal"", ""timestamp"": 1789068368.764746, ""humidity"": 56}"
1789068369.775717,farm/light,normal,"{""device"": ""light-sensor-01"", ""packet_type"": ""normal"", ""timestamp"": 1789068369.7727149, ""light_intensity"": 630}"
1789068370.784148,farm/temperature,normal,"{""device"": ""temp-sensor-01"", ""packet_type"": ""normal"", ""timestamp"": 1789068370.7811475, ""temperature"": 31.7}"
1789068371.7898653,farm/temperature,normal,"{""device"": ""temp-sensor-01"", ""packet_type"": ""normal"", ""timestamp"": 1789068371.785319, ""temperature"": 33.1}"
1789068372.84314,farm/irrigation,normal,"{""device"": ""irrigation-controller"", ""packet_type"": ""normal"", ""timestamp"": 1789068372.7882512, ""pump_status"": ""OFF""}"
1789068373.8275506,farm/light,normal,"{""device"": ""light-sensor-01"", ""packet_type"": ""normal"", ""timestamp"": 1789068373.8245335, ""light_intensity"": 802}"
1789068374.8343132,farm/humidity,normal,"{""device"": ""humidity-sensor-01"", ""packet_type"": ""normal"", ""timestamp"": 1789068374.830836, ""humidity"": 70}"
1789068375.8390255,farm/temperature,normal,"{""device"": ""temp-sensor-01"", ""packet_type"": ""normal"", ""timestamp"": 1789068375.8355052, ""temperature"": 31.6}"
1789068376.8505065,farm/irrigation,normal,"{""device"": ""irrigation-controller"", ""packet_type"": ""normal"", ""timestamp"": 1789068376.8467164, ""pump_status"": ""OFF""}"
1789068377.8585222,farm/soil,normal,"{""device"": ""soil-sensor-01"", ""packet_type"": ""normal"", ""timestamp"": 1789068377.8550174, ""soil_moisture"": 58}"
1789068378.8654337,farm/temperature,normal,"{""device"": ""temp-sensor-01"", ""packet_type"": ""normal"", ""timestamp"": 1789068378.8624306, ""temperature"": 28.3}"
1789068379.872427,farm/soil,normal,"{""device"": ""soil-sensor-01"", ""packet_type"": ""normal"", ""timestamp"": 1789068379.8694205, ""soil_moisture"": 40}"
1789068380.8851693,farm/irrigation,normal,"{""device"": ""irrigation-controller"", ""packet_type"": ""normal"", ""timestamp"": 1789068380.8821902, ""pump_status"": ""ON""}"
1789068381.8977997,farm/humidity,normal,"{""device"": ""humidity-sensor-01"", ""packet_type"": ""normal"", ""timestamp"": 1789068381.8942752, ""humidity"": 69}"
1789068382.9095833,farm/humidity,normal,"{""device"": ""humidity-sensor-01"", ""packet_type"": ""normal"", ""timestamp"": 1789068382.9065833, ""humidity"": 86}"
1789068383.9273608,farm/soil,normal,"{""device"": ""soil-sensor-01"", ""packet_type"": ""normal"", ""timestamp"": 1789068383.924373, ""soil_moisture"": 62}"
1789068384.932029,farm/light,normal,"{""device"": ""light-sensor-01"", ""packet_type"": ""normal"", ""timestamp"": 1789068384.929055, ""light_intensity"": 590}"
1789068385.935049,farm/soil,normal,"{""device"": ""soil-sensor-01"", ""packet_type"": ""normal"", ""timestamp"": 1789068385.9320266, ""soil_moisture"": 55}"
1789068386.9401402,farm/humidity,normal,"{""device"": ""humidity-sensor-01"", ""packet_type"": ""normal"", ""timestamp"": 1789068386.9371293, ""humidity"": 75}"
1789068387.9467058,farm/irrigation,normal,"{""device"": ""irrigation-controller"", ""packet_type"": ""normal"", ""timestamp"": 1789068387.9437056, ""pump_status"": ""ON""}"
1789068388.972693,farm/humidity,normal,"{""device"": ""humidity-sensor-01"", ""packet_type"": ""normal"", ""timestamp"": 1789068388.9636917, ""humidity"": 89}"
1789068389.9825265,farm/humidity,normal,"{""device"": ""humidity-sensor-01"", ""packet_type"": ""normal"", ""timestamp"": 1789068389.9781878, ""humidity"": 84}"
1789068391.0081782,farm/temperature,normal,"{""device"": ""temp-sensor-01"", ""packet_type"": ""normal"", ""timestamp"": 1789068390.993309, ""temperature"": 28.9}"
1789068392.0049305,farm/temperature,normal,"{""device"": ""temp-sensor-01"", ""packet_type"": ""normal"", ""timestamp"": 1789068391.9989316, ""temperature"": 32.0}"
1789068393.0201864,farm/irrigation,normal,"{""device"": ""irrigation-controller"", ""packet_type"": ""normal"", ""timestamp"": 1789068393.0171916, ""pump_status"": ""OFF""}"
1789068394.0243342,farm/light,normal,"{""device"": ""light-sensor-01"", ""packet_type"": ""normal"", ""timestamp"": 1789068394.020934, ""light_intensity"": 446}"
1789068395.0255978,farm/irrigation,normal,"{""device"": ""irrigation-controller"", ""packet_type"": ""normal"", ""timestamp"": 1789068395.0225973, ""pump_status"": ""ON""}"
1789068396.0304248,farm/light,normal,"{""device"": ""light-sensor-01"", ""packet_type"": ""normal"", ""timestamp"": 1789068396.026421, ""light_intensity"": 418}"
1789068397.036864,farm/soil,normal,"{""device"": ""soil-sensor-01"", ""packet_type"": ""normal"", ""timestamp"": 1789068397.0338702, ""soil_moisture"": 65}"
1789068398.045056,farm/temperature,normal,"{""device"": ""temp-sensor-01"", ""packet_type"": ""normal"", ""timestamp"": 1789068398.042081, ""temperature"": 24.3}"
1789068399.050755,farm/humidity,normal,"{""device"": ""humidity-sensor-01"", ""packet_type"": ""normal"", ""timestamp"": 1789068399.0477514, ""humidity"": 69}"
1789068400.0564933,farm/humidity,normal,"{""device"": ""humidity-sensor-01"", ""packet_type"": ""normal"", ""timestamp"": 1789068400.052491, ""humidity"": 59}"
1789068401.068334,farm/humidity,normal,"{""device"": ""humidity-sensor-01"", ""packet_type"": ""normal"", ""timestamp"": 1789068401.0643363, ""humidity"": 78}"
1789068402.074431,farm/humidity,normal,"{""device"": ""humidity-sensor-01"", ""packet_type"": ""normal"", ""timestamp"": 1789068402.0714345, ""humidity"": 51}"
1789068403.088766,farm/soil,normal,"{""device"": ""soil-sensor-01"", ""packet_type"": ""normal"", ""timestamp"": 1789068403.0847695, ""soil_moisture"": 46}"
1789068404.0899563,farm/irrigation,normal,"{""device"": ""irrigation-controller"", ""packet_type"": ""normal"", ""timestamp"": 1789068404.0869496, ""pump_status"": ""OFF""}"
1789068405.1015377,farm/irrigation,normal,"{""device"": ""irrigation-controller"", ""packet_type"": ""normal"", ""timestamp"": 1789068405.096164, ""pump_status"": ""ON""}"
1789068406.1067657,farm/temperature,normal,"{""device"": ""temp-sensor-01"", ""packet_type"": ""normal"", ""timestamp"": 1789068406.1037667, ""temperature"": 24.3}"
1789068407.1090727,farm/soil,normal,"{""device"": ""soil-sensor-01"", ""packet_type"": ""normal"", ""timestamp"": 1789068407.1060727, ""soil_moisture"": 33}"
1789068408.1143556,farm/temperature,normal,"{""device"": ""temp-sensor-01"", ""packet_type"": ""normal"", ""timestamp"": 1789068408.1113615, ""temperature"": 28.6}"
1789068409.1181457,farm/soil,normal,"{""device"": ""soil-sensor-01"", ""packet_type"": ""normal"", ""timestamp"": 1789068409.115135, ""soil_moisture"": 52}"
1789068410.127307,farm/soil,normal,"{""device"": ""soil-sensor-01"", ""packet_type"": ""normal"", ""timestamp"": 1789068410.1243005, ""soil_moisture"": 71}"
1789068411.1346228,farm/humidity,normal,"{""device"": ""humidity-sensor-01"", ""packet_type"": ""normal"", ""timestamp"": 1789068411.1296167, ""humidity"": 57}"
1789068412.154045,farm/humidity,normal,"{""device"": ""humidity-sensor-01"", ""packet_type"": ""normal"", ""timestamp"": 1789068412.1490488, ""humidity"": 71}"
1789068413.160426,farm/soil,normal,"{""device"": ""soil-sensor-01"", ""packet_type"": ""normal"", ""timestamp"": 1789068413.156422, ""soil_moisture"": 66}"
1789068414.1634684,farm/temperature,normal,"{""device"": ""temp-sensor-01"", ""packet_type"": ""normal"", ""timestamp"": 1789068414.1604671, ""temperature"": 30.0}"
1789068415.1684315,farm/temperature,normal,"{""device"": ""temp-sensor-01"", ""packet_type"": ""normal"", ""timestamp"": 1789068415.1634033, ""temperature"": 32.0}"
1789068416.1705353,farm/humidity,normal,"{""device"": ""humidity-sensor-01"", ""packet_type"": ""normal"", ""timestamp"": 1789068416.1673512, ""humidity"": 81}"
1789068417.1812422,farm/humidity,normal,"{""device"": ""humidity-sensor-01"", ""packet_type"": ""normal"", ""timestamp"": 1789068417.1782405, ""humidity"": 72}"
1789068418.1843429,farm/irrigation,normal,"{""device"": ""irrigation-controller"", ""packet_type"": ""normal"", ""timestamp"": 1789068418.1813369, ""pump_status"": ""OFF""}"
1789068419.186162,farm/humidity,normal,"{""device"": ""humidity-sensor-01"", ""packet_type"": ""normal"", ""timestamp"": 1789068419.1831384, ""humidity"": 73}"
1789068420.1890795,farm/humidity,normal,"{""device"": ""humidity-sensor-01"", ""packet_type"": ""normal"", ""timestamp"": 1789068420.186084, ""humidity"": 50}"
1789068421.2001302,farm/soil,normal,"{""device"": ""soil-sensor-01"", ""packet_type"": ""normal"", ""timestamp"": 1789068421.1965983, ""soil_moisture"": 54}"
1789068422.206557,farm/soil,normal,"{""device"": ""soil-sensor-01"", ""packet_type"": ""normal"", ""timestamp"": 1789068422.2037594, ""soil_moisture"": 40}"
1789068423.2218928,farm/irrigation,normal,"{""device"": ""irrigation-controller"", ""packet_type"": ""normal"", ""timestamp"": 1789068423.2130702, ""pump_status"": ""ON""}"
1789068424.241655,farm/soil,normal,"{""device"": ""soil-sensor-01"", ""packet_type"": ""normal"", ""timestamp"": 1789068424.2321053, ""soil_moisture"": 77}"
1789068425.2685778,farm/light,normal,"{""device"": ""light-sensor-01"", ""packet_type"": ""normal"", ""timestamp"": 1789068425.251936, ""light_intensity"": 800}"
1789068426.268929,farm/humidity,normal,"{""device"": ""humidity-sensor-01"", ""packet_type"": ""normal"", ""timestamp"": 1789068426.263893, ""humidity"": 89}"
1789068427.288932,farm/irrigation,normal,"{""device"": ""irrigation-controller"", ""packet_type"": ""normal"", ""timestamp"": 1789068427.2756677, ""pump_status"": ""ON""}"
1789068428.3566043,farm/soil,normal,"{""device"": ""soil-sensor-01"", ""packet_type"": ""normal"", ""timestamp"": 1789068428.2989085, ""soil_moisture"": 65}"
1789068429.31396,farm/light,normal,"{""device"": ""light-sensor-01"", ""packet_type"": ""normal"", ""timestamp"": 1789068429.3069568, ""light_intensity"": 722}"
1789068430.3226576,farm/light,normal,"{""device"": ""light-sensor-01"", ""packet_type"": ""normal"", ""timestamp"": 1789068430.3183248, ""light_intensity"": 498}"
1789068431.330461,farm/light,normal,"{""device"": ""light-sensor-01"", ""packet_type"": ""normal"", ""timestamp"": 1789068431.326461, ""light_intensity"": 822}"
1789068432.3365314,farm/irrigation,normal,"{""device"": ""irrigation-controller"", ""packet_type"": ""normal"", ""timestamp"": 1789068432.3315225, ""pump_status"": ""OFF""}"
1789068433.3498235,farm/temperature,normal,"{""device"": ""temp-sensor-01"", ""packet_type"": ""normal"", ""timestamp"": 1789068433.3468266, ""temperature"": 35.5}"
1789068434.3772032,farm/temperature,normal,"{""device"": ""temp-sensor-01"", ""packet_type"": ""normal"", ""timestamp"": 1789068434.3635266, ""temperature"": 32.0}"
1789068435.3866963,farm/humidity,normal,"{""device"": ""humidity-sensor-01"", ""packet_type"": ""normal"", ""timestamp"": 1789068435.3797061, ""humidity"": 81}"
1789068436.388623,farm/irrigation,normal,"{""device"": ""irrigation-controller"", ""packet_type"": ""normal"", ""timestamp"": 1789068436.3846254, ""pump_status"": ""ON""}"
1789068437.3938766,farm/humidity,normal,"{""device"": ""humidity-sensor-01"", ""packet_type"": ""normal"", ""timestamp"": 1789068437.3898687, ""humidity"": 51}"
1789068438.3985596,farm/humidity,normal,"{""device"": ""humidity-sensor-01"", ""packet_type"": ""normal"", ""timestamp"": 1789068438.394559, ""humidity"": 83}"
1789068439.4181495,farm/humidity,normal,"{""device"": ""humidity-sensor-01"", ""packet_type"": ""normal"", ""timestamp"": 1789068439.409147, ""humidity"": 68}"
1789068440.4335253,farm/temperature,normal,"{""device"": ""temp-sensor-01"", ""packet_type"": ""normal"", ""timestamp"": 1789068440.429525, ""temperature"": 30.9}"
1789068441.4415581,farm/humidity,normal,"{""device"": ""humidity-sensor-01"", ""packet_type"": ""normal"", ""timestamp"": 1789068441.4385707, ""humidity"": 65}"
1789068442.448863,farm/soil,normal,"{""device"": ""soil-sensor-01"", ""packet_type"": ""normal"", ""timestamp"": 1789068442.4453485, ""soil_moisture"": 30}"
1789068443.459337,farm/light,normal,"{""device"": ""light-sensor-01"", ""packet_type"": ""normal"", ""timestamp"": 1789068443.456358, ""light_intensity"": 453}"
1789068444.4618654,farm/humidity,normal,"{""device"": ""humidity-sensor-01"", ""packet_type"": ""normal"", ""timestamp"": 1789068444.4586656, ""humidity"": 72}"
1789068445.4677014,farm/humidity,normal,"{""device"": ""humidity-sensor-01"", ""packet_type"": ""normal"", ""timestamp"": 1789068445.4636831, ""humidity"": 85}"
1789068446.4772067,farm/humidity,normal,"{""device"": ""humidity-sensor-01"", ""packet_type"": ""normal"", ""timestamp"": 1789068446.4742074, ""humidity"": 82}"
1789068447.4793754,farm/temperature,normal,"{""device"": ""temp-sensor-01"", ""packet_type"": ""normal"", ""timestamp"": 1789068447.4763725, ""temperature"": 24.0}"
1789068448.4877405,farm/irrigation,normal,"{""device"": ""irrigation-controller"", ""packet_type"": ""normal"", ""timestamp"": 1789068448.4842112, ""pump_status"": ""OFF""}"
1789068449.495741,farm/temperature,normal,"{""device"": ""temp-sensor-01"", ""packet_type"": ""normal"", ""timestamp"": 1789068449.492747, ""temperature"": 25.6}"
1789068450.5017633,farm/humidity,normal,"{""device"": ""humidity-sensor-01"", ""packet_type"": ""normal"", ""timestamp"": 1789068450.4987726, ""humidity"": 60}"
1789068451.509895,farm/light,normal,"{""device"": ""light-sensor-01"", ""packet_type"": ""normal"", ""timestamp"": 1789068451.506887, ""light_intensity"": 789}"
1789068452.5136814,farm/irrigation,normal,"{""device"": ""irrigation-controller"", ""packet_type"": ""normal"", ""timestamp"": 1789068452.510699, ""pump_status"": ""OFF""}"
1789068453.5214994,farm/soil,normal,"{""device"": ""soil-sensor-01"", ""packet_type"": ""normal"", ""timestamp"": 1789068453.5174918, ""soil_moisture"": 64}"
1789068454.5353577,farm/soil,normal,"{""device"": ""soil-sensor-01"", ""packet_type"": ""normal"", ""timestamp"": 1789068454.5323684, ""soil_moisture"": 43}"
1789068455.5406554,farm/soil,normal,"{""device"": ""soil-sensor-01"", ""packet_type"": ""normal"", ""timestamp"": 1789068455.5376558, ""soil_moisture"": 62}"
1789068456.5461116,farm/irrigation,normal,"{""device"": ""irrigation-controller"", ""packet_type"": ""normal"", ""timestamp"": 1789068456.5431044, ""pump_status"": ""OFF""}"
1789068457.554591,farm/soil,normal,"{""device"": ""soil-sensor-01"", ""packet_type"": ""normal"", ""timestamp"": 1789068457.5516002, ""soil_moisture"": 50}"
1789068458.5749943,farm/humidity,normal,"{""device"": ""humidity-sensor-01"", ""packet_type"": ""normal"", ""timestamp"": 1789068458.5689898, ""humidity"": 64}"
1789068459.5932512,farm/soil,normal,"{""device"": ""soil-sensor-01"", ""packet_type"": ""normal"", ""timestamp"": 1789068459.5852525, ""soil_moisture"": 48}"
1789068460.609008,farm/soil,normal,"{""device"": ""soil-sensor-01"", ""packet_type"": ""normal"", ""timestamp"": 1789068460.6049957, ""soil_moisture"": 36}"
1789068461.6118207,farm/irrigation,normal,"{""device"": ""irrigation-controller"", ""packet_type"": ""normal"", ""timestamp"": 1789068461.6088035, ""pump_status"": ""OFF""}"
1789068462.6197984,farm/irrigation,normal,"{""device"": ""irrigation-controller"", ""packet_type"": ""normal"", ""timestamp"": 1789068462.6168199, ""pump_status"": ""OFF""}"
1789068463.6305506,farm/soil,normal,"{""device"": ""soil-sensor-01"", ""packet_type"": ""normal"", ""timestamp"": 1789068463.6250112, ""soil_moisture"": 65}"
1789068464.6364746,farm/humidity,normal,"{""device"": ""humidity-sensor-01"", ""packet_type"": ""normal"", ""timestamp"": 1789068464.6316514, ""humidity"": 89}"
1789068465.6369567,farm/humidity,normal,"{""device"": ""humidity-sensor-01"", ""packet_type"": ""normal"", ""timestamp"": 1789068465.6339705, ""humidity"": 80}"
1789068466.6503806,farm/temperature,normal,"{""device"": ""temp-sensor-01"", ""packet_type"": ""normal"", ""timestamp"": 1789068466.6466947, ""temperature"": 29.8}"
1789068467.6664927,farm/humidity,normal,"{""device"": ""humidity-sensor-01"", ""packet_type"": ""normal"", ""timestamp"": 1789068467.6529295, ""humidity"": 73}"
1789068468.661551,farm/irrigation,normal,"{""device"": ""irrigation-controller"", ""packet_type"": ""normal"", ""timestamp"": 1789068468.6580153, ""pump_status"": ""ON""}"
1789068469.669383,farm/irrigation,normal,"{""device"": ""irrigation-controller"", ""packet_type"": ""normal"", ""timestamp"": 1789068469.6656868, ""pump_status"": ""ON""}"
1789068470.6742456,farm/soil,normal,"{""device"": ""soil-sensor-01"", ""packet_type"": ""normal"", ""timestamp"": 1789068470.6715674, ""soil_moisture"": 71}"
1789068471.6800754,farm/irrigation,normal,"{""device"": ""irrigation-controller"", ""packet_type"": ""normal"", ""timestamp"": 1789068471.6758268, ""pump_status"": ""ON""}"
1789068472.685877,farm/soil,normal,"{""device"": ""soil-sensor-01"", ""packet_type"": ""normal"", ""timestamp"": 1789068472.6808736, ""soil_moisture"": 76}"
1789068473.698352,farm/soil,normal,"{""device"": ""soil-sensor-01"", ""packet_type"": ""normal"", ""timestamp"": 1789068473.6947007, ""soil_moisture"": 36}"
1789068474.7076874,farm/soil,normal,"{""device"": ""soil-sensor-01"", ""packet_type"": ""normal"", ""timestamp"": 1789068474.7031217, ""soil_moisture"": 47}"
1789068475.7257764,farm/light,normal,"{""device"": ""light-sensor-01"", ""packet_type"": ""normal"", ""timestamp"": 1789068475.7217543, ""light_intensity"": 722}"
1789068476.7423759,farm/irrigation,normal,"{""device"": ""irrigation-controller"", ""packet_type"": ""normal"", ""timestamp"": 1789068476.7363858, ""pump_status"": ""OFF""}"
1789068477.7599328,farm/humidity,normal,"{""device"": ""humidity-sensor-01"", ""packet_type"": ""normal"", ""timestamp"": 1789068477.7559304, ""humidity"": 83}"
1789068478.769797,farm/temperature,normal,"{""device"": ""temp-sensor-01"", ""packet_type"": ""normal"", ""timestamp"": 1789068478.7648003, ""temperature"": 30.3}"
1789068479.7751904,farm/temperature,normal,"{""device"": ""temp-sensor-01"", ""packet_type"": ""normal"", ""timestamp"": 1789068479.771192, ""temperature"": 34.0}"
1789068480.7778401,farm/soil,normal,"{""device"": ""soil-sensor-01"", ""packet_type"": ""normal"", ""timestamp"": 1789068480.7748446, ""soil_moisture"": 37}"
1789068481.7926042,farm/humidity,normal,"{""device"": ""humidity-sensor-01"", ""packet_type"": ""normal"", ""timestamp"": 1789068481.7886107, ""humidity"": 80}"
1789068482.805234,farm/irrigation,normal,"{""device"": ""irrigation-controller"", ""packet_type"": ""normal"", ""timestamp"": 1789068482.8012385, ""pump_status"": ""ON""}"
1789068483.811827,farm/irrigation,normal,"{""device"": ""irrigation-controller"", ""packet_type"": ""normal"", ""timestamp"": 1789068483.8078094, ""pump_status"": ""ON""}"
1789068484.8258305,farm/temperature,normal,"{""device"": ""temp-sensor-01"", ""packet_type"": ""normal"", ""timestamp"": 1789068484.8228343, ""temperature"": 28.7}"
1789068485.8407884,farm/irrigation,normal,"{""device"": ""irrigation-controller"", ""packet_type"": ""normal"", ""timestamp"": 1789068485.8367932, ""pump_status"": ""OFF""}"
1789068486.8564305,farm/soil,normal,"{""device"": ""soil-sensor-01"", ""packet_type"": ""normal"", ""timestamp"": 1789068486.8534546, ""soil_moisture"": 39}"
1789068487.8725173,farm/humidity,normal,"{""device"": ""humidity-sensor-01"", ""packet_type"": ""normal"", ""timestamp"": 1789068487.866987, ""humidity"": 72}"
1789068488.8751557,farm/temperature,normal,"{""device"": ""temp-sensor-01"", ""packet_type"": ""normal"", ""timestamp"": 1789068488.8716218, ""temperature"": 31.5}"
1789068489.8822658,farm/soil,normal,"{""device"": ""soil-sensor-01"", ""packet_type"": ""normal"", ""timestamp"": 1789068489.877429, ""soil_moisture"": 46}"
1789068490.8849258,farm/soil,normal,"{""device"": ""soil-sensor-01"", ""packet_type"": ""normal"", ""timestamp"": 1789068490.8820806, ""soil_moisture"": 63}"
1789068491.8975513,farm/soil,normal,"{""device"": ""soil-sensor-01"", ""packet_type"": ""normal"", ""timestamp"": 1789068491.8935516, ""soil_moisture"": 66}"
1789068492.9077027,farm/irrigation,normal,"{""device"": ""irrigation-controller"", ""packet_type"": ""normal"", ""timestamp"": 1789068492.9047067, ""pump_status"": ""ON""}"
1789068493.913811,farm/light,normal,"{""device"": ""light-sensor-01"", ""packet_type"": ""normal"", ""timestamp"": 1789068493.9108124, ""light_intensity"": 727}"
1789068494.9191332,farm/light,normal,"{""device"": ""light-sensor-01"", ""packet_type"": ""normal"", ""timestamp"": 1789068494.9151347, ""light_intensity"": 860}"
1789068495.9349234,farm/light,normal,"{""device"": ""light-sensor-01"", ""packet_type"": ""normal"", ""timestamp"": 1789068495.9319232, ""light_intensity"": 259}"
1789068496.9461722,farm/light,normal,"{""device"": ""light-sensor-01"", ""packet_type"": ""normal"", ""timestamp"": 1789068496.942154, ""light_intensity"": 379}"
1789068497.954153,farm/light,normal,"{""device"": ""light-sensor-01"", ""packet_type"": ""normal"", ""timestamp"": 1789068497.9498343, ""light_intensity"": 574}"
1789068498.9629683,farm/irrigation,normal,"{""device"": ""irrigation-controller"", ""packet_type"": ""normal"", ""timestamp"": 1789068498.9602458, ""pump_status"": ""ON""}"
1789068499.9729006,farm/light,normal,"{""device"": ""light-sensor-01"", ""packet_type"": ""normal"", ""timestamp"": 1789068499.9699, ""light_intensity"": 262}"
1789068500.9798872,farm/temperature,normal,"{""device"": ""temp-sensor-01"", ""packet_type"": ""normal"", ""timestamp"": 1789068500.9768817, ""temperature"": 35.8}"
1789068501.9904294,farm/soil,normal,"{""device"": ""soil-sensor-01"", ""packet_type"": ""normal"", ""timestamp"": 1789068501.98743, ""soil_moisture"": 44}"
1789068502.9933555,farm/humidity,normal,"{""device"": ""humidity-sensor-01"", ""packet_type"": ""normal"", ""timestamp"": 1789068502.9903586, ""humidity"": 57}"
1789068504.0004761,farm/soil,normal,"{""device"": ""soil-sensor-01"", ""packet_type"": ""normal"", ""timestamp"": 1789068503.997751, ""soil_moisture"": 53}"
1789068505.0150192,farm/soil,normal,"{""device"": ""soil-sensor-01"", ""packet_type"": ""normal"", ""timestamp"": 1789068505.0118937, ""soil_moisture"": 61}"
1789068506.0174863,farm/irrigation,normal,"{""device"": ""irrigation-controller"", ""packet_type"": ""normal"", ""timestamp"": 1789068506.0144837, ""pump_status"": ""ON""}"
1789068507.0271606,farm/soil,normal,"{""device"": ""soil-sensor-01"", ""packet_type"": ""normal"", ""timestamp"": 1789068507.024161, ""soil_moisture"": 65}"
1789068508.0303504,farm/soil,normal,"{""device"": ""soil-sensor-01"", ""packet_type"": ""normal"", ""timestamp"": 1789068508.027344, ""soil_moisture"": 54}"
1789068509.0347075,farm/soil,normal,"{""device"": ""soil-sensor-01"", ""packet_type"": ""normal"", ""timestamp"": 1789068509.0317008, ""soil_moisture"": 62}"
1789068510.044302,farm/irrigation,normal,"{""device"": ""irrigation-controller"", ""packet_type"": ""normal"", ""timestamp"": 1789068510.041297, ""pump_status"": ""ON""}"
1789068511.0562186,farm/irrigation,normal,"{""device"": ""irrigation-controller"", ""packet_type"": ""normal"", ""timestamp"": 1789068511.0522153, ""pump_status"": ""ON""}"
1789068512.0635846,farm/soil,normal,"{""device"": ""soil-sensor-01"", ""packet_type"": ""normal"", ""timestamp"": 1789068512.0610607, ""soil_moisture"": 51}"
1789068513.0692923,farm/humidity,normal,"{""device"": ""humidity-sensor-01"", ""packet_type"": ""normal"", ""timestamp"": 1789068513.0661345, ""humidity"": 76}"
1789068514.0748158,farm/light,normal,"{""device"": ""light-sensor-01"", ""packet_type"": ""normal"", ""timestamp"": 1789068514.0712886, ""light_intensity"": 873}"
1789068515.0809023,farm/irrigation,normal,"{""device"": ""irrigation-controller"", ""packet_type"": ""normal"", ""timestamp"": 1789068515.0778985, ""pump_status"": ""OFF""}"
1789068516.0886097,farm/temperature,normal,"{""device"": ""temp-sensor-01"", ""packet_type"": ""normal"", ""timestamp"": 1789068516.0856094, ""temperature"": 35.9}"
1789068517.0974712,farm/temperature,normal,"{""device"": ""temp-sensor-01"", ""packet_type"": ""normal"", ""timestamp"": 1789068517.0894575, ""temperature"": 26.2}"
1789068518.1044068,farm/light,normal,"{""device"": ""light-sensor-01"", ""packet_type"": ""normal"", ""timestamp"": 1789068518.1004024, ""light_intensity"": 836}"
1789068519.1142948,farm/light,normal,"{""device"": ""light-sensor-01"", ""packet_type"": ""normal"", ""timestamp"": 1789068519.1112988, ""light_intensity"": 369}"
1789068520.1218874,farm/irrigation,normal,"{""device"": ""irrigation-controller"", ""packet_type"": ""normal"", ""timestamp"": 1789068520.1178956, ""pump_status"": ""OFF""}"
1789068521.1262639,farm/irrigation,normal,"{""device"": ""irrigation-controller"", ""packet_type"": ""normal"", ""timestamp"": 1789068521.123271, ""pump_status"": ""ON""}"
1789068522.131354,farm/irrigation,normal,"{""device"": ""irrigation-controller"", ""packet_type"": ""normal"", ""timestamp"": 1789068522.1283474, ""pump_status"": ""ON""}"
1789068523.1339252,farm/light,normal,"{""device"": ""light-sensor-01"", ""packet_type"": ""normal"", ""timestamp"": 1789068523.130918, ""light_intensity"": 841}"
1789068524.142852,farm/temperature,normal,"{""device"": ""temp-sensor-01"", ""packet_type"": ""normal"", ""timestamp"": 1789068524.1358569, ""temperature"": 34.5}"
1789068525.158851,farm/humidity,normal,"{""device"": ""humidity-sensor-01"", ""packet_type"": ""normal"", ""timestamp"": 1789068525.1558564, ""humidity"": 51}"
1789068526.160135,farm/temperature,normal,"{""device"": ""temp-sensor-01"", ""packet_type"": ""normal"", ""timestamp"": 1789068526.1571364, ""temperature"": 28.2}"
1789068527.1680157,farm/light,normal,"{""device"": ""light-sensor-01"", ""packet_type"": ""normal"", ""timestamp"": 1789068527.1624842, ""light_intensity"": 779}"
1789068528.182475,farm/irrigation,normal,"{""device"": ""irrigation-controller"", ""packet_type"": ""normal"", ""timestamp"": 1789068528.179472, ""pump_status"": ""OFF""}"
1789068529.190906,farm/temperature,normal,"{""device"": ""temp-sensor-01"", ""packet_type"": ""normal"", ""timestamp"": 1789068529.187914, ""temperature"": 34.8}"
1789068530.1977065,farm/humidity,normal,"{""device"": ""humidity-sensor-01"", ""packet_type"": ""normal"", ""timestamp"": 1789068530.194695, ""humidity"": 66}"
1789068531.2057981,farm/humidity,normal,"{""device"": ""humidity-sensor-01"", ""packet_type"": ""normal"", ""timestamp"": 1789068531.2020967, ""humidity"": 90}"
1789068532.2119253,farm/light,normal,"{""device"": ""light-sensor-01"", ""packet_type"": ""normal"", ""timestamp"": 1789068532.2081354, ""light_intensity"": 895}"
1789068533.217463,farm/soil,normal,"{""device"": ""soil-sensor-01"", ""packet_type"": ""normal"", ""timestamp"": 1789068533.2138703, ""soil_moisture"": 63}"
1789068534.228589,farm/temperature,normal,"{""device"": ""temp-sensor-01"", ""packet_type"": ""normal"", ""timestamp"": 1789068534.2245917, ""temperature"": 25.4}"
1789068535.2512863,farm/humidity,normal,"{""device"": ""humidity-sensor-01"", ""packet_type"": ""normal"", ""timestamp"": 1789068535.2476618, ""humidity"": 61}"
1789068536.2583847,farm/soil,normal,"{""device"": ""soil-sensor-01"", ""packet_type"": ""normal"", ""timestamp"": 1789068536.2521, ""soil_moisture"": 79}"
1789068537.2635698,farm/humidity,normal,"{""device"": ""humidity-sensor-01"", ""packet_type"": ""normal"", ""timestamp"": 1789068537.2594767, ""humidity"": 50}"
1789068538.275309,farm/temperature,normal,"{""device"": ""temp-sensor-01"", ""packet_type"": ""normal"", ""timestamp"": 1789068538.2720683, ""temperature"": 32.8}"
1789068539.285041,farm/light,normal,"{""device"": ""light-sensor-01"", ""packet_type"": ""normal"", ""timestamp"": 1789068539.2820222, ""light_intensity"": 741}"
1789068540.2967198,farm/soil,normal,"{""device"": ""soil-sensor-01"", ""packet_type"": ""normal"", ""timestamp"": 1789068540.2937145, ""soil_moisture"": 79}"
1789068541.3012197,farm/light,normal,"{""device"": ""light-sensor-01"", ""packet_type"": ""normal"", ""timestamp"": 1789068541.2992244, ""light_intensity"": 728}"
1789068542.307181,farm/light,normal,"{""device"": ""light-sensor-01"", ""packet_type"": ""normal"", ""timestamp"": 1789068542.3036377, ""light_intensity"": 282}"
1789068543.3127508,farm/irrigation,normal,"{""device"": ""irrigation-controller"", ""packet_type"": ""normal"", ""timestamp"": 1789068543.3097456, ""pump_status"": ""ON""}"
1789068544.3186293,farm/soil,normal,"{""device"": ""soil-sensor-01"", ""packet_type"": ""normal"", ""timestamp"": 1789068544.3156269, ""soil_moisture"": 56}"
1789068545.333605,farm/light,normal,"{""device"": ""light-sensor-01"", ""packet_type"": ""normal"", ""timestamp"": 1789068545.3306153, ""light_intensity"": 822}"
1789068546.3374918,farm/light,normal,"{""device"": ""light-sensor-01"", ""packet_type"": ""normal"", ""timestamp"": 1789068546.3345, ""light_intensity"": 748}"
1789068547.3443246,farm/light,normal,"{""device"": ""light-sensor-01"", ""packet_type"": ""normal"", ""timestamp"": 1789068547.339069, ""light_intensity"": 409}"
1789068548.3589706,farm/irrigation,normal,"{""device"": ""irrigation-controller"", ""packet_type"": ""normal"", ""timestamp"": 1789068548.355979, ""pump_status"": ""OFF""}"
1789068549.3747087,farm/temperature,normal,"{""device"": ""temp-sensor-01"", ""packet_type"": ""normal"", ""timestamp"": 1789068549.3706949, ""temperature"": 26.3}"
1789068550.3781989,farm/temperature,normal,"{""device"": ""temp-sensor-01"", ""packet_type"": ""normal"", ""timestamp"": 1789068550.3751888, ""temperature"": 31.7}"
1789068551.3853037,farm/humidity,normal,"{""device"": ""humidity-sensor-01"", ""packet_type"": ""normal"", ""timestamp"": 1789068551.382296, ""humidity"": 56}"
1789068552.3959527,farm/temperature,normal,"{""device"": ""temp-sensor-01"", ""packet_type"": ""normal"", ""timestamp"": 1789068552.3929522, ""temperature"": 32.0}"
1789068553.399963,farm/humidity,normal,"{""device"": ""humidity-sensor-01"", ""packet_type"": ""normal"", ""timestamp"": 1789068553.3969529, ""humidity"": 69}"
1789068554.414975,farm/soil,normal,"{""device"": ""soil-sensor-01"", ""packet_type"": ""normal"", ""timestamp"": 1789068554.411968, ""soil_moisture"": 62}"
1789068555.4222364,farm/temperature,normal,"{""device"": ""temp-sensor-01"", ""packet_type"": ""normal"", ""timestamp"": 1789068555.4197028, ""temperature"": 25.0}"
1789068556.425609,farm/light,normal,"{""device"": ""light-sensor-01"", ""packet_type"": ""normal"", ""timestamp"": 1789068556.4226148, ""light_intensity"": 893}"
1789068557.4299805,farm/humidity,normal,"{""device"": ""humidity-sensor-01"", ""packet_type"": ""normal"", ""timestamp"": 1789068557.4269722, ""humidity"": 54}"
1789068558.4409513,farm/light,normal,"{""device"": ""light-sensor-01"", ""packet_type"": ""normal"", ""timestamp"": 1789068558.437963, ""light_intensity"": 349}"
1789068559.453121,farm/soil,normal,"{""device"": ""soil-sensor-01"", ""packet_type"": ""normal"", ""timestamp"": 1789068559.450595, ""soil_moisture"": 43}"
1789068560.460733,farm/light,normal,"{""device"": ""light-sensor-01"", ""packet_type"": ""normal"", ""timestamp"": 1789068560.4579527, ""light_intensity"": 579}"
1789068561.4674914,farm/soil,normal,"{""device"": ""soil-sensor-01"", ""packet_type"": ""normal"", ""timestamp"": 1789068561.464486, ""soil_moisture"": 55}"
1789068562.4714007,farm/temperature,normal,"{""device"": ""temp-sensor-01"", ""packet_type"": ""normal"", ""timestamp"": 1789068562.4686518, ""temperature"": 32.2}"
1789068563.4755256,farm/irrigation,normal,"{""device"": ""irrigation-controller"", ""packet_type"": ""normal"", ""timestamp"": 1789068563.471524, ""pump_status"": ""OFF""}"
1789068564.4889216,farm/temperature,normal,"{""device"": ""temp-sensor-01"", ""packet_type"": ""normal"", ""timestamp"": 1789068564.485931, ""temperature"": 25.0}"
1789068565.4960492,farm/irrigation,normal,"{""device"": ""irrigation-controller"", ""packet_type"": ""normal"", ""timestamp"": 1789068565.4930449, ""pump_status"": ""ON""}"
1789068566.5006473,farm/light,normal,"{""device"": ""light-sensor-01"", ""packet_type"": ""normal"", ""timestamp"": 1789068566.4976497, ""light_intensity"": 714}"
1789068567.5056374,farm/soil,normal,"{""device"": ""soil-sensor-01"", ""packet_type"": ""normal"", ""timestamp"": 1789068567.501645, ""soil_moisture"": 50}"
1789068568.5131464,farm/humidity,normal,"{""device"": ""humidity-sensor-01"", ""packet_type"": ""normal"", ""timestamp"": 1789068568.5101237, ""humidity"": 88}"
1789068568.7166193,farm/pump,spoofing,"{""device"": ""attacker-node"", ""packet_type"": ""spoofing"", ""timestamp"": 1789068568.7096012, ""pump_status"": ""ON""}"
1789068569.223584,farm/humidity,spoofing,"{""device"": ""attacker-node"", ""packet_type"": ""spoofing"", ""timestamp"": 1789068569.2205775, ""humidity"": 10}"
1789068569.5236053,farm/temperature,normal,"{""device"": ""temp-sensor-01"", ""packet_type"": ""normal"", ""timestamp"": 1789068569.520597, ""temperature"": 28.9}"
1789068569.7297716,farm/humidity,spoofing,"{""device"": ""attacker-node"", ""packet_type"": ""spoofing"", ""timestamp"": 1789068569.7267616, ""humidity"": 10}"
1789068570.2311437,farm/soil,spoofing,"{""device"": ""attacker-node"", ""packet_type"": ""spoofing"", ""timestamp"": 1789068570.2281437, ""soil_moisture"": 99}"
1789068570.5305653,farm/temperature,normal,"{""device"": ""temp-sensor-01"", ""packet_type"": ""normal"", ""timestamp"": 1789068570.5285697, ""temperature"": 31.5}"
1789068570.735386,farm/light,spoofing,"{""device"": ""attacker-node"", ""packet_type"": ""spoofing"", ""timestamp"": 1789068570.7325828, ""light_intensity"": 999}"
1789068571.2399714,farm/light,spoofing,"{""device"": ""attacker-node"", ""packet_type"": ""spoofing"", ""timestamp"": 1789068571.236966, ""light_intensity"": 999}"
1789068571.5390348,farm/light,normal,"{""device"": ""light-sensor-01"", ""packet_type"": ""normal"", ""timestamp"": 1789068571.5361967, ""light_intensity"": 865}"
1789068571.7417076,farm/light,spoofing,"{""device"": ""attacker-node"", ""packet_type"": ""spoofing"", ""timestamp"": 1789068571.7379668, ""light_intensity"": 999}"
1789068572.2600663,farm/temperature,spoofing,"{""device"": ""attacker-node"", ""packet_type"": ""spoofing"", ""timestamp"": 1789068572.2562673, ""temperature"": 55.0}"
1789068572.543338,farm/temperature,normal,"{""device"": ""temp-sensor-01"", ""packet_type"": ""normal"", ""timestamp"": 1789068572.5394483, ""temperature"": 29.5}"
1789068572.7762067,farm/humidity,spoofing,"{""device"": ""attacker-node"", ""packet_type"": ""spoofing"", ""timestamp"": 1789068572.7735689, ""humidity"": 10}"
1789068573.280923,farm/pump,spoofing,"{""device"": ""attacker-node"", ""packet_type"": ""spoofing"", ""timestamp"": 1789068573.2779274, ""pump_status"": ""ON""}"
1789068573.5466983,farm/temperature,normal,"{""device"": ""temp-sensor-01"", ""packet_type"": ""normal"", ""timestamp"": 1789068573.5434842, ""temperature"": 26.0}"
1789068573.7819703,farm/light,spoofing,"{""device"": ""attacker-node"", ""packet_type"": ""spoofing"", ""timestamp"": 1789068573.7792923, ""light_intensity"": 999}"
1789068574.284819,farm/temperature,spoofing,"{""device"": ""attacker-node"", ""packet_type"": ""spoofing"", ""timestamp"": 1789068574.2818186, ""temperature"": 55.0}"
1789068574.5513957,farm/temperature,normal,"{""device"": ""temp-sensor-01"", ""packet_type"": ""normal"", ""timestamp"": 1789068574.5477078, ""temperature"": 28.2}"
1789068574.7993846,farm/light,spoofing,"{""device"": ""attacker-node"", ""packet_type"": ""spoofing"", ""timestamp"": 1789068574.7963855, ""light_intensity"": 999}"
1789068575.300537,farm/soil,spoofing,"{""device"": ""attacker-node"", ""packet_type"": ""spoofing"", ""timestamp"": 1789068575.2975345, ""soil_moisture"": 99}"
1789068575.5521266,farm/irrigation,normal,"{""device"": ""irrigation-controller"", ""packet_type"": ""normal"", ""timestamp"": 1789068575.5495937, ""pump_status"": ""ON""}"
1789068575.8022792,farm/humidity,spoofing,"{""device"": ""attacker-node"", ""packet_type"": ""spoofing"", ""timestamp"": 1789068575.7992792, ""humidity"": 10}"
1789068576.306716,farm/soil,spoofing,"{""device"": ""attacker-node"", ""packet_type"": ""spoofing"", ""timestamp"": 1789068576.3027167, ""soil_moisture"": 99}"
1789068576.5585148,farm/irrigation,normal,"{""device"": ""irrigation-controller"", ""packet_type"": ""normal"", ""timestamp"": 1789068576.5549827, ""pump_status"": ""OFF""}"
1789068576.8081026,farm/soil,spoofing,"{""device"": ""attacker-node"", ""packet_type"": ""spoofing"", ""timestamp"": 1789068576.804096, ""soil_moisture"": 99}"
1789068577.3224108,farm/pump,spoofing,"{""device"": ""attacker-node"", ""packet_type"": ""spoofing"", ""timestamp"": 1789068577.3195827, ""pump_status"": ""ON""}"
1789068577.5731502,farm/irrigation,normal,"{""device"": ""irrigation-controller"", ""packet_type"": ""normal"", ""timestamp"": 1789068577.5704045, ""pump_status"": ""ON""}"
1789068577.8379936,farm/humidity,spoofing,"{""device"": ""attacker-node"", ""packet_type"": ""spoofing"", ""timestamp"": 1789068577.834973, ""humidity"": 10}"
1789068578.3428128,farm/temperature,spoofing,"{""device"": ""attacker-node"", ""packet_type"": ""spoofing"", ""timestamp"": 1789068578.3398108, ""temperature"": 55.0}"
1789068578.5770957,farm/irrigation,normal,"{""device"": ""irrigation-controller"", ""packet_type"": ""normal"", ""timestamp"": 1789068578.5738547, ""pump_status"": ""ON""}"
1789068579.5845492,farm/irrigation,normal,"{""device"": ""irrigation-controller"", ""packet_type"": ""normal"", ""timestamp"": 1789068579.5817924, ""pump_status"": ""OFF""}"
1789068580.6034563,farm/temperature,normal,"{""device"": ""temp-sensor-01"", ""packet_type"": ""normal"", ""timestamp"": 1789068580.5926747, ""temperature"": 32.5}"
1789068581.5993648,farm/soil,normal,"{""device"": ""soil-sensor-01"", ""packet_type"": ""normal"", ""timestamp"": 1789068581.5965295, ""soil_moisture"": 78}"
1789068582.6355813,farm/temperature,normal,"{""device"": ""temp-sensor-01"", ""packet_type"": ""normal"", ""timestamp"": 1789068582.5992336, ""temperature"": 28.7}"
1789068583.6082437,farm/humidity,normal,"{""device"": ""humidity-sensor-01"", ""packet_type"": ""normal"", ""timestamp"": 1789068583.604538, ""humidity"": 69}"
1789068584.6239605,farm/irrigation,normal,"{""device"": ""irrigation-controller"", ""packet_type"": ""normal"", ""timestamp"": 1789068584.6199532, ""pump_status"": ""ON""}"
1789068585.640761,farm/temperature,normal,"{""device"": ""temp-sensor-01"", ""packet_type"": ""normal"", ""timestamp"": 1789068585.6347659, ""temperature"": 35.1}"
1789068586.6407647,farm/temperature,normal,"{""device"": ""temp-sensor-01"", ""packet_type"": ""normal"", ""timestamp"": 1789068586.6377542, ""temperature"": 31.1}"
1789068587.644363,farm/temperature,normal,"{""device"": ""temp-sensor-01"", ""packet_type"": ""normal"", ""timestamp"": 1789068587.6413708, ""temperature"": 32.0}"
1789068588.647132,farm/temperature,normal,"{""device"": ""temp-sensor-01"", ""packet_type"": ""normal"", ""timestamp"": 1789068588.643114, ""temperature"": 33.1}"
1789068589.6492927,farm/irrigation,normal,"{""device"": ""irrigation-controller"", ""packet_type"": ""normal"", ""timestamp"": 1789068589.6462922, ""pump_status"": ""ON""}"
1789068590.650759,farm/soil,normal,"{""device"": ""soil-sensor-01"", ""packet_type"": ""normal"", ""timestamp"": 1789068590.6477787, ""soil_moisture"": 66}"
1789068591.6665235,farm/temperature,normal,"{""device"": ""temp-sensor-01"", ""packet_type"": ""normal"", ""timestamp"": 1789068591.663517, ""temperature"": 27.0}"
1789068592.673064,farm/temperature,normal,"{""device"": ""temp-sensor-01"", ""packet_type"": ""normal"", ""timestamp"": 1789068592.6700475, ""temperature"": 25.3}"
1789068593.675664,farm/irrigation,normal,"{""device"": ""irrigation-controller"", ""packet_type"": ""normal"", ""timestamp"": 1789068593.6716704, ""pump_status"": ""OFF""}"
1789068594.690352,farm/temperature,normal,"{""device"": ""temp-sensor-01"", ""packet_type"": ""normal"", ""timestamp"": 1789068594.6873462, ""temperature"": 34.3}"
1789068595.7020707,farm/soil,normal,"{""device"": ""soil-sensor-01"", ""packet_type"": ""normal"", ""timestamp"": 1789068595.6992648, ""soil_moisture"": 67}"
1789068596.7077887,farm/light,normal,"{""device"": ""light-sensor-01"", ""packet_type"": ""normal"", ""timestamp"": 1789068596.7031965, ""light_intensity"": 538}"
1789068597.7096,farm/humidity,normal,"{""device"": ""humidity-sensor-01"", ""packet_type"": ""normal"", ""timestamp"": 1789068597.707075, ""humidity"": 58}"
1789068598.7253573,farm/irrigation,normal,"{""device"": ""irrigation-controller"", ""packet_type"": ""normal"", ""timestamp"": 1789068598.7223475, ""pump_status"": ""OFF""}"
1789068599.7280705,farm/soil,normal,"{""device"": ""soil-sensor-01"", ""packet_type"": ""normal"", ""timestamp"": 1789068599.7250838, ""soil_moisture"": 76}"
1789068600.7446287,farm/temperature,normal,"{""device"": ""temp-sensor-01"", ""packet_type"": ""normal"", ""timestamp"": 1789068600.7406323, ""temperature"": 25.9}"
1789068601.7601495,farm/soil,normal,"{""device"": ""soil-sensor-01"", ""packet_type"": ""normal"", ""timestamp"": 1789068601.756139, ""soil_moisture"": 58}"
1789068602.7649076,farm/temperature,normal,"{""device"": ""temp-sensor-01"", ""packet_type"": ""normal"", ""timestamp"": 1789068602.7618601, ""temperature"": 31.8}"
1789068603.7808385,farm/light,normal,"{""device"": ""light-sensor-01"", ""packet_type"": ""normal"", ""timestamp"": 1789068603.7763019, ""light_intensity"": 815}"
1789068604.7935388,farm/irrigation,normal,"{""device"": ""irrigation-controller"", ""packet_type"": ""normal"", ""timestamp"": 1789068604.7905393, ""pump_status"": ""OFF""}"
1789068605.8082273,farm/light,normal,"{""device"": ""light-sensor-01"", ""packet_type"": ""normal"", ""timestamp"": 1789068605.8051999, ""light_intensity"": 702}"
1789068606.8236234,farm/irrigation,normal,"{""device"": ""irrigation-controller"", ""packet_type"": ""normal"", ""timestamp"": 1789068606.8206172, ""pump_status"": ""ON""}"
1789068607.8245928,farm/soil,normal,"{""device"": ""soil-sensor-01"", ""packet_type"": ""normal"", ""timestamp"": 1789068607.8216157, ""soil_moisture"": 72}"
1789068608.8308094,farm/temperature,normal,"{""device"": ""temp-sensor-01"", ""packet_type"": ""normal"", ""timestamp"": 1789068608.8279705, ""temperature"": 29.6}"
1789068609.8330982,farm/irrigation,normal,"{""device"": ""irrigation-controller"", ""packet_type"": ""normal"", ""timestamp"": 1789068609.8303134, ""pump_status"": ""OFF""}"
1789068610.8340771,farm/humidity,normal,"{""device"": ""humidity-sensor-01"", ""packet_type"": ""normal"", ""timestamp"": 1789068610.8314922, ""humidity"": 52}"
1789068611.8417976,farm/soil,normal,"{""device"": ""soil-sensor-01"", ""packet_type"": ""normal"", ""timestamp"": 1789068611.8381047, ""soil_moisture"": 74}"
1789068612.8471217,farm/humidity,normal,"{""device"": ""humidity-sensor-01"", ""packet_type"": ""normal"", ""timestamp"": 1789068612.8445196, ""humidity"": 74}"
1789068613.8531964,farm/soil,normal,"{""device"": ""soil-sensor-01"", ""packet_type"": ""normal"", ""timestamp"": 1789068613.850358, ""soil_moisture"": 60}"
1789068614.8676217,farm/irrigation,normal,"{""device"": ""irrigation-controller"", ""packet_type"": ""normal"", ""timestamp"": 1789068614.8649442, ""pump_status"": ""OFF""}"
1789068615.883282,farm/humidity,normal,"{""device"": ""humidity-sensor-01"", ""packet_type"": ""normal"", ""timestamp"": 1789068615.8808386, ""humidity"": 73}"
1789068616.8870943,farm/temperature,normal,"{""device"": ""temp-sensor-01"", ""packet_type"": ""normal"", ""timestamp"": 1789068616.8832967, ""temperature"": 25.3}"
1789068617.900551,farm/light,normal,"{""device"": ""light-sensor-01"", ""packet_type"": ""normal"", ""timestamp"": 1789068617.8974557, ""light_intensity"": 550}"
1789068618.914768,farm/light,normal,"{""device"": ""light-sensor-01"", ""packet_type"": ""normal"", ""timestamp"": 1789068618.9117684, ""light_intensity"": 404}"
1789068619.9306257,farm/soil,normal,"{""device"": ""soil-sensor-01"", ""packet_type"": ""normal"", ""timestamp"": 1789068619.9276142, ""soil_moisture"": 62}"
1789068620.9365718,farm/irrigation,normal,"{""device"": ""irrigation-controller"", ""packet_type"": ""normal"", ""timestamp"": 1789068620.933558, ""pump_status"": ""ON""}"
1789068621.9416797,farm/temperature,normal,"{""device"": ""temp-sensor-01"", ""packet_type"": ""normal"", ""timestamp"": 1789068621.9386742, ""temperature"": 34.8}"
1789068622.9462314,farm/temperature,normal,"{""device"": ""temp-sensor-01"", ""packet_type"": ""normal"", ""timestamp"": 1789068622.9432263, ""temperature"": 35.0}"
1789068623.9558506,farm/temperature,normal,"{""device"": ""temp-sensor-01"", ""packet_type"": ""normal"", ""timestamp"": 1789068623.9532092, ""temperature"": 34.8}"
1789068624.9576094,farm/humidity,normal,"{""device"": ""humidity-sensor-01"", ""packet_type"": ""normal"", ""timestamp"": 1789068624.9547882, ""humidity"": 76}"
1789068625.9724963,farm/humidity,normal,"{""device"": ""humidity-sensor-01"", ""packet_type"": ""normal"", ""timestamp"": 1789068625.969487, ""humidity"": 73}"
1789068626.9776807,farm/soil,normal,"{""device"": ""soil-sensor-01"", ""packet_type"": ""normal"", ""timestamp"": 1789068626.9746792, ""soil_moisture"": 65}"
1789068627.982546,farm/light,normal,"{""device"": ""light-sensor-01"", ""packet_type"": ""normal"", ""timestamp"": 1789068627.979587, ""light_intensity"": 667}"
1789068628.9894452,farm/humidity,normal,"{""device"": ""humidity-sensor-01"", ""packet_type"": ""normal"", ""timestamp"": 1789068628.9864395, ""humidity"": 81}"
1789068629.9908276,farm/light,normal,"{""device"": ""light-sensor-01"", ""packet_type"": ""normal"", ""timestamp"": 1789068629.988264, ""light_intensity"": 705}"
1789068630.9948857,farm/temperature,normal,"{""device"": ""temp-sensor-01"", ""packet_type"": ""normal"", ""timestamp"": 1789068630.9918797, ""temperature"": 31.2}"
1789068631.996448,farm/soil,normal,"{""device"": ""soil-sensor-01"", ""packet_type"": ""normal"", ""timestamp"": 1789068631.9934433, ""soil_moisture"": 45}"
1789068632.9980905,farm/irrigation,normal,"{""device"": ""irrigation-controller"", ""packet_type"": ""normal"", ""timestamp"": 1789068632.9951413, ""pump_status"": ""OFF""}"
1789068634.003618,farm/temperature,normal,"{""device"": ""temp-sensor-01"", ""packet_type"": ""normal"", ""timestamp"": 1789068634.0005882, ""temperature"": 29.2}"
1789068635.0168223,farm/irrigation,normal,"{""device"": ""irrigation-controller"", ""packet_type"": ""normal"", ""timestamp"": 1789068635.0138123, ""pump_status"": ""OFF""}"
1789068636.0229812,farm/humidity,normal,"{""device"": ""humidity-sensor-01"", ""packet_type"": ""normal"", ""timestamp"": 1789068636.0199685, ""humidity"": 57}"
1789068636.0289912,farm/humidity,mitm,"{""device"": ""mitm-attacker"", ""packet_type"": ""mitm"", ""timestamp"": 1789068636.0219853, ""humidity"": 15}"
1789068637.0322137,farm/irrigation,normal,"{""device"": ""irrigation-controller"", ""packet_type"": ""normal"", ""timestamp"": 1789068637.0292122, ""pump_status"": ""ON""}"
1789068637.0382166,farm/irrigation,mitm,"{""device"": ""mitm-attacker"", ""packet_type"": ""mitm"", ""timestamp"": 1789068637.0322137, ""pump_status"": ""ON""}"
1789068638.0351667,farm/light,normal,"{""device"": ""light-sensor-01"", ""packet_type"": ""normal"", ""timestamp"": 1789068638.0321681, ""light_intensity"": 587}"
1789068638.040175,farm/light,mitm,"{""device"": ""mitm-attacker"", ""packet_type"": ""mitm"", ""timestamp"": 1789068638.0341678, ""light_intensity"": 999}"
1789068639.0416844,farm/temperature,normal,"{""device"": ""temp-sensor-01"", ""packet_type"": ""normal"", ""timestamp"": 1789068639.0376756, ""temperature"": 33.7}"
1789068639.0466814,farm/temperature,mitm,"{""device"": ""mitm-attacker"", ""packet_type"": ""mitm"", ""timestamp"": 1789068639.0406768, ""temperature"": 52.0}"
1789068640.0495553,farm/irrigation,normal,"{""device"": ""irrigation-controller"", ""packet_type"": ""normal"", ""timestamp"": 1789068640.0455256, ""pump_status"": ""OFF""}"
1789068640.0545516,farm/irrigation,mitm,"{""device"": ""mitm-attacker"", ""packet_type"": ""mitm"", ""timestamp"": 1789068640.0485363, ""pump_status"": ""OFF""}"
1789068641.0563188,farm/soil,normal,"{""device"": ""soil-sensor-01"", ""packet_type"": ""normal"", ""timestamp"": 1789068641.053313, ""soil_moisture"": 75}"
1789068641.061322,farm/soil,mitm,"{""device"": ""mitm-attacker"", ""packet_type"": ""mitm"", ""timestamp"": 1789068641.0553129, ""soil_moisture"": 98}"
1789068642.0596478,farm/humidity,normal,"{""device"": ""humidity-sensor-01"", ""packet_type"": ""normal"", ""timestamp"": 1789068642.0554495, ""humidity"": 65}"
1789068642.065387,farm/humidity,mitm,"{""device"": ""mitm-attacker"", ""packet_type"": ""mitm"", ""timestamp"": 1789068642.0584111, ""humidity"": 15}"
1789068643.0645943,farm/temperature,normal,"{""device"": ""temp-sensor-01"", ""packet_type"": ""normal"", ""timestamp"": 1789068643.0616028, ""temperature"": 24.2}"
1789068643.0685956,farm/temperature,mitm,"{""device"": ""mitm-attacker"", ""packet_type"": ""mitm"", ""timestamp"": 1789068643.063588, ""temperature"": 52.0}"
1789068644.0699978,farm/humidity,normal,"{""device"": ""humidity-sensor-01"", ""packet_type"": ""normal"", ""timestamp"": 1789068644.0669973, ""humidity"": 54}"
1789068644.0749993,farm/humidity,mitm,"{""device"": ""mitm-attacker"", ""packet_type"": ""mitm"", ""timestamp"": 1789068644.068998, ""humidity"": 15}"
1789068645.0847068,farm/humidity,normal,"{""device"": ""humidity-sensor-01"", ""packet_type"": ""normal"", ""timestamp"": 1789068645.0817099, ""humidity"": 77}"
1789068645.088708,farm/humidity,mitm,"{""device"": ""mitm-attacker"", ""packet_type"": ""mitm"", ""timestamp"": 1789068645.0837069, ""humidity"": 15}"
1789068646.091213,farm/irrigation,normal,"{""device"": ""irrigation-controller"", ""packet_type"": ""normal"", ""timestamp"": 1789068646.087206, ""pump_status"": ""ON""}"
1789068647.0944848,farm/soil,normal,"{""device"": ""soil-sensor-01"", ""packet_type"": ""normal"", ""timestamp"": 1789068647.091485, ""soil_moisture"": 65}"
1789068648.100978,farm/soil,normal,"{""device"": ""soil-sensor-01"", ""packet_type"": ""normal"", ""timestamp"": 1789068648.097974, ""soil_moisture"": 60}"
1789068649.1072938,farm/temperature,normal,"{""device"": ""temp-sensor-01"", ""packet_type"": ""normal"", ""timestamp"": 1789068649.1032927, ""temperature"": 24.9}"
1789068650.11135,farm/irrigation,normal,"{""device"": ""irrigation-controller"", ""packet_type"": ""normal"", ""timestamp"": 1789068650.1083395, ""pump_status"": ""OFF""}"
1789068651.118263,farm/soil,normal,"{""device"": ""soil-sensor-01"", ""packet_type"": ""normal"", ""timestamp"": 1789068651.1152587, ""soil_moisture"": 67}"
1789068652.123743,farm/humidity,normal,"{""device"": ""humidity-sensor-01"", ""packet_type"": ""normal"", ""timestamp"": 1789068652.1187248, ""humidity"": 86}"
1789068653.1264515,farm/humidity,normal,"{""device"": ""humidity-sensor-01"", ""packet_type"": ""normal"", ""timestamp"": 1789068653.1234374, ""humidity"": 81}"
1789068654.1325462,farm/humidity,normal,"{""device"": ""humidity-sensor-01"", ""packet_type"": ""normal"", ""timestamp"": 1789068654.1285474, ""humidity"": 76}"
1789068655.1485023,farm/humidity,normal,"{""device"": ""humidity-sensor-01"", ""packet_type"": ""normal"", ""timestamp"": 1789068655.1445043, ""humidity"": 84}"
1789068656.151621,farm/light,normal,"{""device"": ""light-sensor-01"", ""packet_type"": ""normal"", ""timestamp"": 1789068656.148616, ""light_intensity"": 397}"
1789068657.15483,farm/soil,normal,"{""device"": ""soil-sensor-01"", ""packet_type"": ""normal"", ""timestamp"": 1789068657.1518493, ""soil_moisture"": 48}"
1789068658.1683958,farm/irrigation,normal,"{""device"": ""irrigation-controller"", ""packet_type"": ""normal"", ""timestamp"": 1789068658.1654055, ""pump_status"": ""OFF""}"
1789068659.1761959,farm/humidity,normal,"{""device"": ""humidity-sensor-01"", ""packet_type"": ""normal"", ""timestamp"": 1789068659.1731868, ""humidity"": 68}"
1789068660.1916747,farm/light,normal,"{""device"": ""light-sensor-01"", ""packet_type"": ""normal"", ""timestamp"": 1789068660.1889846, ""light_intensity"": 865}"
1789068661.1979032,farm/irrigation,normal,"{""device"": ""irrigation-controller"", ""packet_type"": ""normal"", ""timestamp"": 1789068661.1931815, ""pump_status"": ""ON""}"
1789068662.2080855,farm/irrigation,normal,"{""device"": ""irrigation-controller"", ""packet_type"": ""normal"", ""timestamp"": 1789068662.2050843, ""pump_status"": ""ON""}"
1789068663.2114105,farm/soil,normal,"{""device"": ""soil-sensor-01"", ""packet_type"": ""normal"", ""timestamp"": 1789068663.2087338, ""soil_moisture"": 38}"
1789068664.2142482,farm/irrigation,normal,"{""device"": ""irrigation-controller"", ""packet_type"": ""normal"", ""timestamp"": 1789068664.2111745, ""pump_status"": ""OFF""}"
1789068665.2207067,farm/soil,normal,"{""device"": ""soil-sensor-01"", ""packet_type"": ""normal"", ""timestamp"": 1789068665.2173822, ""soil_moisture"": 44}"
1789068666.2280796,farm/temperature,normal,"{""device"": ""temp-sensor-01"", ""packet_type"": ""normal"", ""timestamp"": 1789068666.225327, ""temperature"": 26.0}"
1789068667.2444398,farm/soil,normal,"{""device"": ""soil-sensor-01"", ""packet_type"": ""normal"", ""timestamp"": 1789068667.2272718, ""soil_moisture"": 41}"
1789068668.234668,farm/light,normal,"{""device"": ""light-sensor-01"", ""packet_type"": ""normal"", ""timestamp"": 1789068668.231279, ""light_intensity"": 499}"
1789068669.2384877,farm/soil,normal,"{""device"": ""soil-sensor-01"", ""packet_type"": ""normal"", ""timestamp"": 1789068669.2354746, ""soil_moisture"": 74}"
1789068670.2429008,farm/light,normal,"{""device"": ""light-sensor-01"", ""packet_type"": ""normal"", ""timestamp"": 1789068670.239902, ""light_intensity"": 554}"
1789068671.2517915,farm/temperature,normal,"{""device"": ""temp-sensor-01"", ""packet_type"": ""normal"", ""timestamp"": 1789068671.2487867, ""temperature"": 25.5}"
1789068672.2612572,farm/irrigation,normal,"{""device"": ""irrigation-controller"", ""packet_type"": ""normal"", ""timestamp"": 1789068672.256798, ""pump_status"": ""OFF""}"
1789068673.2662299,farm/soil,normal,"{""device"": ""soil-sensor-01"", ""packet_type"": ""normal"", ""timestamp"": 1789068673.2626839, ""soil_moisture"": 31}"
1789068674.2720485,farm/soil,normal,"{""device"": ""soil-sensor-01"", ""packet_type"": ""normal"", ""timestamp"": 1789068674.268627, ""soil_moisture"": 75}"
1789068675.2832057,farm/soil,normal,"{""device"": ""soil-sensor-01"", ""packet_type"": ""normal"", ""timestamp"": 1789068675.2769582, ""soil_moisture"": 63}"
1789068676.298377,farm/soil,normal,"{""device"": ""soil-sensor-01"", ""packet_type"": ""normal"", ""timestamp"": 1789068676.295404, ""soil_moisture"": 49}"
1789068677.3023715,farm/soil,normal,"{""device"": ""soil-sensor-01"", ""packet_type"": ""normal"", ""timestamp"": 1789068677.2983685, ""soil_moisture"": 54}"
1789068678.305932,farm/irrigation,normal,"{""device"": ""irrigation-controller"", ""packet_type"": ""normal"", ""timestamp"": 1789068678.3029253, ""pump_status"": ""ON""}"
1789068679.3120072,farm/irrigation,normal,"{""device"": ""irrigation-controller"", ""packet_type"": ""normal"", ""timestamp"": 1789068679.3090076, ""pump_status"": ""OFF""}"
1789068680.3165011,farm/temperature,normal,"{""device"": ""temp-sensor-01"", ""packet_type"": ""normal"", ""timestamp"": 1789068680.3135016, ""temperature"": 25.6}"
1789068681.324324,farm/light,normal,"{""device"": ""light-sensor-01"", ""packet_type"": ""normal"", ""timestamp"": 1789068681.3213227, ""light_intensity"": 532}"
1789068682.3299346,farm/irrigation,normal,"{""device"": ""irrigation-controller"", ""packet_type"": ""normal"", ""timestamp"": 1789068682.3269422, ""pump_status"": ""ON""}"
1789068683.3551323,farm/light,normal,"{""device"": ""light-sensor-01"", ""packet_type"": ""normal"", ""timestamp"": 1789068683.3501337, ""light_intensity"": 780}"
1789068684.36,farm/temperature,normal,"{""device"": ""temp-sensor-01"", ""packet_type"": ""normal"", ""timestamp"": 1789068684.3539886, ""temperature"": 32.4}"
1789068685.364095,farm/light,normal,"{""device"": ""light-sensor-01"", ""packet_type"": ""normal"", ""timestamp"": 1789068685.360111, ""light_intensity"": 507}"
1789068686.3685412,farm/soil,normal,"{""device"": ""soil-sensor-01"", ""packet_type"": ""normal"", ""timestamp"": 1789068686.3655252, ""soil_moisture"": 30}"
1789068687.3839839,farm/soil,normal,"{""device"": ""soil-sensor-01"", ""packet_type"": ""normal"", ""timestamp"": 1789068687.3804398, ""soil_moisture"": 65}"
1789068688.3895638,farm/light,normal,"{""device"": ""light-sensor-01"", ""packet_type"": ""normal"", ""timestamp"": 1789068688.3855603, ""light_intensity"": 751}"
1789068689.3939137,farm/humidity,normal,"{""device"": ""humidity-sensor-01"", ""packet_type"": ""normal"", ""timestamp"": 1789068689.3899152, ""humidity"": 67}"
1789068690.3992655,farm/light,normal,"{""device"": ""light-sensor-01"", ""packet_type"": ""normal"", ""timestamp"": 1789068690.3962717, ""light_intensity"": 295}"
1789068691.4078922,farm/irrigation,normal,"{""device"": ""irrigation-controller"", ""packet_type"": ""normal"", ""timestamp"": 1789068691.4048867, ""pump_status"": ""OFF""}"
1789068692.422311,farm/soil,normal,"{""device"": ""soil-sensor-01"", ""packet_type"": ""normal"", ""timestamp"": 1789068692.4193032, ""soil_moisture"": 57}"
1789068693.4267976,farm/light,normal,"{""device"": ""light-sensor-01"", ""packet_type"": ""normal"", ""timestamp"": 1789068693.4237819, ""light_intensity"": 466}"
1789068694.4310136,farm/humidity,normal,"{""device"": ""humidity-sensor-01"", ""packet_type"": ""normal"", ""timestamp"": 1789068694.428005, ""humidity"": 61}"
1789068695.443427,farm/light,normal,"{""device"": ""light-sensor-01"", ""packet_type"": ""normal"", ""timestamp"": 1789068695.4392304, ""light_intensity"": 479}"
1789068696.4545705,farm/light,normal,"{""device"": ""light-sensor-01"", ""packet_type"": ""normal"", ""timestamp"": 1789068696.450797, ""light_intensity"": 832}"
1789068697.4599712,farm/light,normal,"{""device"": ""light-sensor-01"", ""packet_type"": ""normal"", ""timestamp"": 1789068697.456212, ""light_intensity"": 559}"
1789068698.4837346,farm/humidity,normal,"{""device"": ""humidity-sensor-01"", ""packet_type"": ""normal"", ""timestamp"": 1789068698.4587195, ""humidity"": 89}"
1789068699.4847162,farm/light,normal,"{""device"": ""light-sensor-01"", ""packet_type"": ""normal"", ""timestamp"": 1789068699.4807186, ""light_intensity"": 648}"
1789068700.4916718,farm/soil,normal,"{""device"": ""soil-sensor-01"", ""packet_type"": ""normal"", ""timestamp"": 1789068700.4886785, ""soil_moisture"": 56}"
1789068701.5002706,farm/soil,normal,"{""device"": ""soil-sensor-01"", ""packet_type"": ""normal"", ""timestamp"": 1789068701.4967067, ""soil_moisture"": 58}"
1789068702.5052857,farm/light,normal,"{""device"": ""light-sensor-01"", ""packet_type"": ""normal"", ""timestamp"": 1789068702.5012846, ""light_intensity"": 578}"
1789068703.5127363,farm/temperature,normal,"{""device"": ""temp-sensor-01"", ""packet_type"": ""normal"", ""timestamp"": 1789068703.5086756, ""temperature"": 31.2}"
1789068704.523079,farm/light,normal,"{""device"": ""light-sensor-01"", ""packet_type"": ""normal"", ""timestamp"": 1789068704.518844, ""light_intensity"": 650}"
1789068705.546705,farm/soil,normal,"{""device"": ""soil-sensor-01"", ""packet_type"": ""normal"", ""timestamp"": 1789068705.5291708, ""soil_moisture"": 58}"
1789068706.5569556,farm/humidity,normal,"{""device"": ""humidity-sensor-01"", ""packet_type"": ""normal"", ""timestamp"": 1789068706.5531476, ""humidity"": 87}"
1789068707.5610688,farm/irrigation,normal,"{""device"": ""irrigation-controller"", ""packet_type"": ""normal"", ""timestamp"": 1789068707.5582392, ""pump_status"": ""OFF""}"
1789068708.5645893,farm/temperature,normal,"{""device"": ""temp-sensor-01"", ""packet_type"": ""normal"", ""timestamp"": 1789068708.5615933, ""temperature"": 24.1}"
1789068709.5791266,farm/humidity,normal,"{""device"": ""humidity-sensor-01"", ""packet_type"": ""normal"", ""timestamp"": 1789068709.5741262, ""humidity"": 74}"
1789068710.5828943,farm/light,normal,"{""device"": ""light-sensor-01"", ""packet_type"": ""normal"", ""timestamp"": 1789068710.579901, ""light_intensity"": 292}"
1789068711.588442,farm/temperature,normal,"{""device"": ""temp-sensor-01"", ""packet_type"": ""normal"", ""timestamp"": 1789068711.5854473, ""temperature"": 33.4}"
1789068712.5972714,farm/irrigation,normal,"{""device"": ""irrigation-controller"", ""packet_type"": ""normal"", ""timestamp"": 1789068712.5942767, ""pump_status"": ""ON""}"
1789068713.607585,farm/temperature,normal,"{""device"": ""temp-sensor-01"", ""packet_type"": ""normal"", ""timestamp"": 1789068713.6045911, ""temperature"": 28.5}"
1789068714.6095324,farm/soil,normal,"{""device"": ""soil-sensor-01"", ""packet_type"": ""normal"", ""timestamp"": 1789068714.606015, ""soil_moisture"": 44}"
1789068715.6137674,farm/light,normal,"{""device"": ""light-sensor-01"", ""packet_type"": ""normal"", ""timestamp"": 1789068715.6092098, ""light_intensity"": 700}"
1789068716.6292877,farm/temperature,normal,"{""device"": ""temp-sensor-01"", ""packet_type"": ""normal"", ""timestamp"": 1789068716.6262827, ""temperature"": 34.3}"
1789068717.6383426,farm/light,normal,"{""device"": ""light-sensor-01"", ""packet_type"": ""normal"", ""timestamp"": 1789068717.635337, ""light_intensity"": 586}"
1789068718.6402876,farm/temperature,normal,"{""device"": ""temp-sensor-01"", ""packet_type"": ""normal"", ""timestamp"": 1789068718.6372917, ""temperature"": 35.4}"
1789068719.6439085,farm/light,normal,"{""device"": ""light-sensor-01"", ""packet_type"": ""normal"", ""timestamp"": 1789068719.6398723, ""light_intensity"": 826}"
1789068720.6609035,farm/light,normal,"{""device"": ""light-sensor-01"", ""packet_type"": ""normal"", ""timestamp"": 1789068720.6569002, ""light_intensity"": 587}"
1789068721.668877,farm/humidity,normal,"{""device"": ""humidity-sensor-01"", ""packet_type"": ""normal"", ""timestamp"": 1789068721.6648762, ""humidity"": 67}"
1789068722.67255,farm/light,normal,"{""device"": ""light-sensor-01"", ""packet_type"": ""normal"", ""timestamp"": 1789068722.6695523, ""light_intensity"": 518}"
1789068723.6831944,farm/temperature,normal,"{""device"": ""temp-sensor-01"", ""packet_type"": ""normal"", ""timestamp"": 1789068723.6772003, ""temperature"": 33.3}"
1789068724.7201989,farm/soil,normal,"{""device"": ""soil-sensor-01"", ""packet_type"": ""normal"", ""timestamp"": 1789068724.699496, ""soil_moisture"": 63}"
1789068725.7308407,farm/humidity,normal,"{""device"": ""humidity-sensor-01"", ""packet_type"": ""normal"", ""timestamp"": 1789068725.7278469, ""humidity"": 85}"
1789068726.7383966,farm/humidity,normal,"{""device"": ""humidity-sensor-01"", ""packet_type"": ""normal"", ""timestamp"": 1789068726.7353976, ""humidity"": 74}"
1789068727.7470376,farm/light,normal,"{""device"": ""light-sensor-01"", ""packet_type"": ""normal"", ""timestamp"": 1789068727.7440352, ""light_intensity"": 508}"
1789068728.7559996,farm/irrigation,normal,"{""device"": ""irrigation-controller"", ""packet_type"": ""normal"", ""timestamp"": 1789068728.7530005, ""pump_status"": ""ON""}"
1789068729.7608116,farm/light,normal,"{""device"": ""light-sensor-01"", ""packet_type"": ""normal"", ""timestamp"": 1789068729.7578151, ""light_intensity"": 319}"
